Heading,Restaurant_name,Restaurant_URL
青梅のお店、レストラン,宮よし 河辺店,https://tabelog.com/tokyo/A1330/A133003/13187598/
青梅のお店、レストラン,隼,https://tabelog.com/tokyo/A1330/A133003/13211586/
青梅のお店、レストラン,澤乃井園　清流ガーデン,https://tabelog.com/tokyo/A1330/A133003/13057838/
青梅のお店、レストラン,ムギノメ,https://tabelog.com/tokyo/A1330/A133003/13164925/
青梅のお店、レストラン,担々麺 杉山,https://tabelog.com/tokyo/A1330/A133003/13023902/
青梅のお店、レストラン,大むら,https://tabelog.com/tokyo/A1330/A133003/13068351/
青梅のお店、レストラン,由香里絵,https://tabelog.com/tokyo/A1330/A133003/13168093/
青梅のお店、レストラン,やまざき酒舗,https://tabelog.com/tokyo/A1330/A133003/13096601/
青梅のお店、レストラン,紅梅苑,https://tabelog.com/tokyo/A1330/A133003/13016474/
青梅のお店、レストラン,柳丸 野上本店 ,https://tabelog.com/tokyo/A1330/A133003/13108748/
青梅のお店、レストラン,夏への扉,https://tabelog.com/tokyo/A1330/A133003/13019078/
青梅のお店、レストラン,梅の内,https://tabelog.com/tokyo/A1330/A133003/13068736/
青梅のお店、レストラン,生涯青春の湯　つるつる温泉　お食事処,https://tabelog.com/tokyo/A1330/A133003/13102261/
青梅のお店、レストラン,大龍軒,https://tabelog.com/tokyo/A1330/A133003/13066215/
青梅のお店、レストラン,つくも,https://tabelog.com/tokyo/A1330/A133003/13067272/
青梅のお店、レストラン,三河屋,https://tabelog.com/tokyo/A1330/A133003/13069712/
青梅のお店、レストラン,Tea Room,https://tabelog.com/tokyo/A1330/A133003/13049841/
青梅のお店、レストラン,松屋 青梅河辺町店,https://tabelog.com/tokyo/A1330/A133003/13135298/
青梅のお店、レストラン,Ramen FeeL,https://tabelog.com/tokyo/A1330/A133003/13254631/
青梅のお店、レストラン,薪釜屋YOSHIZO 東青梅,https://tabelog.com/tokyo/A1330/A133003/13207863/
青梅のお店,ガンバ！ガンバ！！,https://tabelog.com/tokyo/A1330/A133003/13034116/
青梅のお店,炭鳥 蔵  筏 IKADA ,https://tabelog.com/tokyo/A1330/A133003/13215001/
青梅のお店,紅葉屋,https://tabelog.com/tokyo/A1330/A133003/13067846/
青梅のお店,山城屋,https://tabelog.com/tokyo/A1330/A133003/13069735/
青梅のお店,青梅大学いも学部,https://tabelog.com/tokyo/A1330/A133003/13188056/
青梅のお店,クレープ衣,https://tabelog.com/tokyo/A1330/A133003/13054953/
青梅のお店,御岳山駅売店,https://tabelog.com/tokyo/A1330/A133003/13147968/
青梅のお店,パティスリー テロワール,https://tabelog.com/tokyo/A1330/A133003/13179170/
青梅のお店,手もみらあめん十八番,https://tabelog.com/tokyo/A1330/A133003/13045363/
青梅のお店,みちくさ,https://tabelog.com/tokyo/A1330/A133003/13066927/
青梅のお店,大むら,https://tabelog.com/tokyo/A1330/A133003/13068350/
青梅のお店,火打屋本店,https://tabelog.com/tokyo/A1330/A133003/13126379/
青梅のお店,福家 丼丸 東青梅店,https://tabelog.com/tokyo/A1330/A133003/13208045/
青梅のお店,サイゼリヤ 東青梅店,https://tabelog.com/tokyo/A1330/A133003/13085385/
青梅のお店,鳥の玉串 駅前店,https://tabelog.com/tokyo/A1330/A133003/13155891/
青梅のお店,ぱん吉,https://tabelog.com/tokyo/A1330/A133003/13128678/
青梅のお店,手造りサンドイッチ藤屋,https://tabelog.com/tokyo/A1330/A133003/13145588/
青梅のお店,草庵,https://tabelog.com/tokyo/A1330/A133003/13050387/
青梅のお店,カフェレストラン縁,https://tabelog.com/tokyo/A1330/A133003/13129993/
青梅のお店,幸楽苑 青梅店,https://tabelog.com/tokyo/A1330/A133003/13117570/
青梅のお店,月与の童屋,https://tabelog.com/tokyo/A1330/A133003/13032914/
青梅のお店,デニーズ 東青梅店,https://tabelog.com/tokyo/A1330/A133003/13135730/
青梅のお店,台湾料理 春福軒,https://tabelog.com/tokyo/A1330/A133003/13146759/
青梅のお店,すき家 青梅河辺店,https://tabelog.com/tokyo/A1330/A133003/13121040/
青梅のお店,幸太郎うどん,https://tabelog.com/tokyo/A1330/A133003/13263714/
青梅のお店,めんや たも,https://tabelog.com/tokyo/A1330/A133003/13098606/
青梅のお店,中華 渓竜,https://tabelog.com/tokyo/A1330/A133003/13103796/
青梅のお店,富士峰軒,https://tabelog.com/tokyo/A1330/A133003/13113163/
青梅のお店,はちのこ食堂,https://tabelog.com/tokyo/A1330/A133003/13080711/
青梅のお店,河辺大勝軒,https://tabelog.com/tokyo/A1330/A133003/13047742/
青梅のお店,ハイデン.コッコFACTORY サマンサ・タマサ 青梅店,https://tabelog.com/tokyo/A1330/A133003/13131924/
青梅のお店,梅浜亭,https://tabelog.com/tokyo/A1330/A133003/13051020/
青梅のお店,そば処もとはし,https://tabelog.com/tokyo/A1330/A133003/13067213/
青梅のお店,のしこん本舗,https://tabelog.com/tokyo/A1330/A133003/13026166/
青梅のお店,らーめん大八,https://tabelog.com/tokyo/A1330/A133003/13091127/
青梅のお店,ケイアンドケイ,https://tabelog.com/tokyo/A1330/A133003/13087193/
青梅のお店,シェルパ,https://tabelog.com/tokyo/A1330/A133003/13123420/
青梅のお店,乙訓おやき店,https://tabelog.com/tokyo/A1330/A133003/13096377/
青梅のお店,マクドナルド 河辺店,https://tabelog.com/tokyo/A1330/A133003/13110170/
青梅のお店,玉川屋,https://tabelog.com/tokyo/A1330/A133003/13010352/
青梅のお店,ロッテリア 河辺北口駅前店,https://tabelog.com/tokyo/A1330/A133003/13137003/
青梅のお店,PLUME,https://tabelog.com/tokyo/A1330/A133003/13245688/
青梅のお店,偕楽 大門店,https://tabelog.com/tokyo/A1330/A133003/13170432/
青梅のお店,伝説のすた丼屋 青梅河辺店,https://tabelog.com/tokyo/A1330/A133003/13214292/
青梅のお店,梅菓匠 にしむら,https://tabelog.com/tokyo/A1330/A133003/13141433/
青梅のお店,雲水,https://tabelog.com/tokyo/A1330/A133003/13016467/
青梅のお店,そば うどん処 かわしま,https://tabelog.com/tokyo/A1330/A133003/13195753/
青梅のお店,とん喜,https://tabelog.com/tokyo/A1330/A133003/13034461/
青梅のお店,たまご倶楽部,https://tabelog.com/tokyo/A1330/A133003/13097436/
青梅のお店,バーミヤン 青梅河辺店 ,https://tabelog.com/tokyo/A1330/A133003/13131755/
青梅のお店,奥多摩リバーサイドカフェ awa,https://tabelog.com/tokyo/A1330/A133003/13173940/
青梅のお店,昭和軒,https://tabelog.com/tokyo/A1330/A133003/13063375/
青梅のお店,展望食堂,https://tabelog.com/tokyo/A1330/A133003/13099680/
青梅のお店,エオル,https://tabelog.com/tokyo/A1330/A133003/13075823/
青梅のお店,らびっと,https://tabelog.com/tokyo/A1330/A133003/13088869/
青梅のお店,がってん寿司 青梅店,https://tabelog.com/tokyo/A1330/A133003/13104273/
青梅のお店,澤乃井 きき酒処,https://tabelog.com/tokyo/A1330/A133003/13149010/
青梅のお店,ビストロ今,https://tabelog.com/tokyo/A1330/A133003/13078039/
青梅のお店,千本屋,https://tabelog.com/tokyo/A1330/A133003/13113103/
青梅のお店,繭蔵,https://tabelog.com/tokyo/A1330/A133003/13016464/
青梅のお店,ぎょうざの満洲 河辺北口店,https://tabelog.com/tokyo/A1330/A133003/13127403/
青梅のお店,東峯園,https://tabelog.com/tokyo/A1330/A133003/13061524/
青梅のお店,アイムホーム,https://tabelog.com/tokyo/A1330/A133003/13016472/
青梅のお店,かつや 青梅河辺店,https://tabelog.com/tokyo/A1330/A133003/13224211/
青梅のお店,青梅麦酒,https://tabelog.com/tokyo/A1330/A133003/13221647/
青梅のお店,ニウギニ,https://tabelog.com/tokyo/A1330/A133003/13135537/
青梅のお店,CAFE 雫,https://tabelog.com/tokyo/A1330/A133003/13266222/
青梅のお店,偕楽,https://tabelog.com/tokyo/A1330/A133003/13063380/
青梅のお店,チャコグリル,https://tabelog.com/tokyo/A1330/A133003/13088152/
青梅のお店,澤乃井ままごと屋,https://tabelog.com/tokyo/A1330/A133003/13006045/
青梅のお店,KATSURA,https://tabelog.com/tokyo/A1330/A133003/13108407/
青梅のお店,根岸屋,https://tabelog.com/tokyo/A1330/A133003/13049916/
青梅のお店,JYOTI,https://tabelog.com/tokyo/A1330/A133003/13228943/
青梅のお店,きり山,https://tabelog.com/tokyo/A1330/A133003/13067142/
青梅のお店,長尾茶屋,https://tabelog.com/tokyo/A1330/A133003/13171789/
青梅のお店,北海道らーめん味源 河辺店,https://tabelog.com/tokyo/A1330/A133003/13129283/
青梅のお店,玉川屋,https://tabelog.com/tokyo/A1330/A133003/13092531/
青梅のお店,なかま亭,https://tabelog.com/tokyo/A1330/A133003/13131684/
青梅のお店,プランシエル,https://tabelog.com/tokyo/A1330/A133003/13006043/
青梅のお店,天龍,https://tabelog.com/tokyo/A1330/A133003/13063373/
青梅のお店,ラーメン登嶋家,https://tabelog.com/tokyo/A1330/A133003/13127187/
青梅のお店,幸蘭,https://tabelog.com/tokyo/A1330/A133003/13116097/
青梅のお店,寿司勝,https://tabelog.com/tokyo/A1330/A133003/13071438/
青梅のお店,へそまんじゅう本舗,https://tabelog.com/tokyo/A1330/A133003/13010349/
青梅のお店,とうふ工房 ゆう,https://tabelog.com/tokyo/A1330/A133003/13193919/
青梅のお店,青梅ゴルフ倶楽部 レストラン,https://tabelog.com/tokyo/A1330/A133003/13179101/
青梅のお店,ニューナマステインディア,https://tabelog.com/tokyo/A1330/A133003/13185804/
青梅のお店,寿々喜家,https://tabelog.com/tokyo/A1330/A133003/13092669/
青梅のお店,山香荘,https://tabelog.com/tokyo/A1330/A133003/13148635/
青梅のお店,手打蕎麦　ごろう,https://tabelog.com/tokyo/A1330/A133003/13151506/
青梅のお店,つけそば屋 麺楽,https://tabelog.com/tokyo/A1330/A133003/13010348/
青梅のお店,ローズタウンティーガーデン,https://tabelog.com/tokyo/A1330/A133003/13146928/
青梅のお店,マシェリーアンジュ 河辺店,https://tabelog.com/tokyo/A1330/A133003/13165893/
青梅のお店,手打うどんときわ,https://tabelog.com/tokyo/A1330/A133003/13067954/
青梅のお店,パティスリーシャロン  新町店,https://tabelog.com/tokyo/A1330/A133003/13094938/
青梅のお店,食堂みやもと,https://tabelog.com/tokyo/A1330/A133003/13186881/
青梅のお店,銀嶺,https://tabelog.com/tokyo/A1330/A133003/13065285/
青梅のお店,noco,https://tabelog.com/tokyo/A1330/A133003/13181174/
青梅のお店,紀の家,https://tabelog.com/tokyo/A1330/A133003/13066203/
青梅のお店,大門,https://tabelog.com/tokyo/A1330/A133003/13063369/
青梅のお店,ぎん鈴,https://tabelog.com/tokyo/A1330/A133003/13058496/
青梅のお店,なか屋,https://tabelog.com/tokyo/A1330/A133003/13180766/
青梅のお店,ケンタッキーフライドチキン 河辺店,https://tabelog.com/tokyo/A1330/A133003/13124854/
青梅のお店,とうふ遊び 豆らく,https://tabelog.com/tokyo/A1330/A133003/13058990/
青梅のお店,こいずみ,https://tabelog.com/tokyo/A1330/A133003/13073121/
青梅のお店,ことぶき,https://tabelog.com/tokyo/A1330/A133003/13067153/
青梅のお店,大正庵,https://tabelog.com/tokyo/A1330/A133003/13068397/
青梅のお店,石窯パン工房 サンメリー 青梅店,https://tabelog.com/tokyo/A1330/A133003/13044336/
青梅のお店,駒鳥売店,https://tabelog.com/tokyo/A1330/A133003/13113162/
青梅のお店,手打ラーメン三玉家,https://tabelog.com/tokyo/A1330/A133003/13051063/
青梅のお店,タイ料理店 プラーカポン,https://tabelog.com/tokyo/A1330/A133003/13220411/
青梅のお店,そば 森万 ,https://tabelog.com/tokyo/A1330/A133003/13074276/
青梅のお店,チャイナ ハウス シマ,https://tabelog.com/tokyo/A1330/A133003/13057633/
青梅のお店,手打ち蕎麦 わせいろう,https://tabelog.com/tokyo/A1330/A133003/13099431/
青梅のお店,笑,https://tabelog.com/tokyo/A1330/A133003/13094734/
青梅のお店,とんかつ太郎,https://tabelog.com/tokyo/A1330/A133003/13077855/
青梅のお店,手打ちうどん さぬき 青梅店,https://tabelog.com/tokyo/A1330/A133003/13074118/
青梅のお店,青梅市役所 食堂,https://tabelog.com/tokyo/A1330/A133003/13118316/
青梅のお店,活鮮 青梅新町店,https://tabelog.com/tokyo/A1330/A133003/13135578/
青梅のお店,池谷,https://tabelog.com/tokyo/A1330/A133003/13096599/
青梅のお店,梅寿庵,https://tabelog.com/tokyo/A1330/A133003/13136302/
青梅のお店,サンジェルマン 河辺店,https://tabelog.com/tokyo/A1330/A133003/13134965/
青梅のお店,港亭,https://tabelog.com/tokyo/A1330/A133003/13101089/
青梅のお店,ブールバール,https://tabelog.com/tokyo/A1330/A133003/13180291/
青梅のお店,カフェ．ド．クラージュ,https://tabelog.com/tokyo/A1330/A133003/13075864/
青梅のお店,Cafe 茶楽,https://tabelog.com/tokyo/A1330/A133003/13089296/
青梅のお店,つぶあんカフェ,https://tabelog.com/tokyo/A1330/A133003/13158542/
青梅のお店,和食レストランとんでん 青梅河辺店,https://tabelog.com/tokyo/A1330/A133003/13135726/
青梅のお店,きくや,https://tabelog.com/tokyo/A1330/A133003/13142604/
青梅のお店,イタリアンハウス トスカーナ,https://tabelog.com/tokyo/A1330/A133003/13091118/
青梅のお店,宝亭 支店,https://tabelog.com/tokyo/A1330/A133003/13139510/
青梅のお店,三恵苑,https://tabelog.com/tokyo/A1330/A133003/13066922/
青梅のお店,燻製とスパイスカレー けむり 河辺本店,https://tabelog.com/tokyo/A1330/A133003/13262496/
青梅のお店,ラーメン 福助,https://tabelog.com/tokyo/A1330/A133003/13118582/
青梅のお店,銀のさら 金町店,https://tabelog.com/tokyo/A1330/A133003/13142448/
青梅のお店,グート,https://tabelog.com/tokyo/A1330/A133003/13128953/
青梅のお店,割烹うらしま,https://tabelog.com/tokyo/A1330/A133003/13069261/
青梅のお店,じゅん,https://tabelog.com/tokyo/A1330/A133003/13074659/
青梅のお店,美よしの園,https://tabelog.com/tokyo/A1330/A133003/13126876/
青梅のお店,焼き鳥しもちゃん,https://tabelog.com/tokyo/A1330/A133003/13065291/
青梅のお店,御岳山駅売店,https://tabelog.com/tokyo/A1330/A133003/13171749/
青梅のお店,福島屋,https://tabelog.com/tokyo/A1330/A133003/13180092/
青梅のお店,Re:あれ,https://tabelog.com/tokyo/A1330/A133003/13271633/
青梅のお店,ファミリーマート 東青梅五丁目店,https://tabelog.com/tokyo/A1330/A133003/13176006/
青梅のお店,ナカガワ☆スエ食堂,https://tabelog.com/tokyo/A1330/A133003/13267826/
青梅のお店,ZIRITUぱん工房,https://tabelog.com/tokyo/A1330/A133003/13157319/
青梅のお店,モスバーガー 東青梅センタービル店,https://tabelog.com/tokyo/A1330/A133003/13127758/
青梅のお店,TAIL,https://tabelog.com/tokyo/A1330/A133003/13121205/
青梅のお店,宿坊 山樂荘,https://tabelog.com/tokyo/A1330/A133003/13177582/
青梅のお店,桃ノ木,https://tabelog.com/tokyo/A1330/A133003/13283783/
青梅のお店,cafe TABASA,https://tabelog.com/tokyo/A1330/A133003/13265036/
青梅のお店,山楽茶屋 古狸山,https://tabelog.com/tokyo/A1330/A133003/13139509/
青梅のお店,KIVA 青梅店,https://tabelog.com/tokyo/A1330/A133003/13266207/
青梅のお店,台湾酒場 39,https://tabelog.com/tokyo/A1330/A133003/13186032/
青梅のお店,日本一 イオンスタイル河辺店,https://tabelog.com/tokyo/A1330/A133003/13237694/
青梅のお店,郷土家庭料理と喫茶 さわい,https://tabelog.com/tokyo/A1330/A133003/13252855/
青梅のお店,とんぼ,https://tabelog.com/tokyo/A1330/A133003/13064109/
青梅のお店,井戸じり,https://tabelog.com/tokyo/A1330/A133003/13176310/
青梅のお店,ジージー焼台酒家,https://tabelog.com/tokyo/A1330/A133003/13066923/
青梅のお店,乙津ネイチャーガーデン,https://tabelog.com/tokyo/A1330/A133003/13234747/
青梅のお店,うめや,https://tabelog.com/tokyo/A1330/A133003/13233126/
青梅のお店,梅なごみ,https://tabelog.com/tokyo/A1330/A133003/13251625/
青梅のお店,しおふね,https://tabelog.com/tokyo/A1330/A133003/13084912/
青梅のお店,偕楽東 青梅店,https://tabelog.com/tokyo/A1330/A133003/13073800/
青梅のお店,セブンイレブン 青梅勝沼店,https://tabelog.com/tokyo/A1330/A133003/13201174/
青梅のお店,ラルゴ洋風居酒屋,https://tabelog.com/tokyo/A1330/A133003/13084916/
青梅のお店,銀のさら 青梅河辺店,https://tabelog.com/tokyo/A1330/A133003/13142447/
青梅のお店,獅子口屋 梅郷支店,https://tabelog.com/tokyo/A1330/A133003/13229531/
青梅のお店,いっちゃん,https://tabelog.com/tokyo/A1330/A133003/13074511/
青梅のお店,みか築や パン工房,https://tabelog.com/tokyo/A1330/A133003/13243833/
青梅のお店,ティー&エヌ ダイニング,https://tabelog.com/tokyo/A1330/A133003/13249055/
青梅のお店,かねた,https://tabelog.com/tokyo/A1330/A133003/13077558/
青梅のお店,そば処 加茂庵,https://tabelog.com/tokyo/A1330/A133003/13197457/
青梅のお店,お食事処 みらい屋,https://tabelog.com/tokyo/A1330/A133003/13269517/
青梅のお店,野の花,https://tabelog.com/tokyo/A1330/A133003/13150424/
青梅のお店,町久保田,https://tabelog.com/tokyo/A1330/A133003/13273004/
青梅のお店,カフェかなかな,https://tabelog.com/tokyo/A1330/A133003/13252026/
青梅のお店,モスバーガー 河辺店,https://tabelog.com/tokyo/A1330/A133003/13131438/
青梅のお店,信濃路,https://tabelog.com/tokyo/A1330/A133003/13084911/
青梅のお店,梅園食堂,https://tabelog.com/tokyo/A1330/A133003/13082813/
青梅のお店,焼鳥たかます,https://tabelog.com/tokyo/A1330/A133003/13212810/
青梅のお店,伊勢屋,https://tabelog.com/tokyo/A1330/A133003/13153646/
青梅のお店,ファミリーマート 東青梅駅北口店,https://tabelog.com/tokyo/A1330/A133003/13194520/
青梅のお店,ピッツァリア カフェ パルファン,https://tabelog.com/tokyo/A1330/A133003/13210318/
青梅のお店,おやつ うりぼう,https://tabelog.com/tokyo/A1330/A133003/13276405/
青梅のお店,よし川寿司,https://tabelog.com/tokyo/A1330/A133003/13070576/
青梅のお店,亀屋,https://tabelog.com/tokyo/A1330/A133003/13139508/
青梅のお店,中国料理　華宮,https://tabelog.com/tokyo/A1330/A133003/13114458/
青梅のお店,藤本荘,https://tabelog.com/tokyo/A1330/A133003/13273013/
青梅のお店,ドミノピザ 河辺店,https://tabelog.com/tokyo/A1330/A133003/13229518/
青梅のお店,伊藤園 イオンスタイル河辺店 ,https://tabelog.com/tokyo/A1330/A133003/13237695/
青梅のお店,鉄板料理 昔,https://tabelog.com/tokyo/A1330/A133003/13271547/
青梅のお店,甘味カフェ暖家,https://tabelog.com/tokyo/A1330/A133003/13187491/
青梅のお店,和加松,https://tabelog.com/tokyo/A1330/A133003/13083210/
青梅のお店,cafe ころん,https://tabelog.com/tokyo/A1330/A133003/13209257/
青梅のお店,魚民 河辺南口駅前店,https://tabelog.com/tokyo/A1330/A133003/13072813/
青梅のお店,ねじまき雲,https://tabelog.com/tokyo/A1330/A133003/13090564/
青梅のお店,麻屋豆腐店,https://tabelog.com/tokyo/A1330/A133003/13234375/
青梅のお店,ニューミスターラーメン,https://tabelog.com/tokyo/A1330/A133003/13066219/
青梅のお店,喫茶ここから,https://tabelog.com/tokyo/A1330/A133003/13272570/
青梅のお店,深沢小屋,https://tabelog.com/tokyo/A1330/A133003/13248919/
青梅のお店,伊藤麹店,https://tabelog.com/tokyo/A1330/A133003/13257757/
青梅のお店,津田や 本店,https://tabelog.com/tokyo/A1330/A133003/13171446/
青梅のお店,まねきねこ 青梅千ヶ瀬店,https://tabelog.com/tokyo/A1330/A133003/13214330/
青梅のお店,居酒屋 わ,https://tabelog.com/tokyo/A1330/A133003/13166888/
青梅のお店,焼肉青梅,https://tabelog.com/tokyo/A1330/A133003/13227810/
青梅のお店,すみやき家 串陣 河辺店,https://tabelog.com/tokyo/A1330/A133003/13026926/
青梅のお店,瀬音,https://tabelog.com/tokyo/A1330/A133003/13076914/
青梅のお店,ローソン 青梅東青梅四丁目店,https://tabelog.com/tokyo/A1330/A133003/13202180/
青梅のお店,中国料理金華園,https://tabelog.com/tokyo/A1330/A133003/13115989/
青梅のお店,炙堂,https://tabelog.com/tokyo/A1330/A133003/13208600/
青梅のお店,なかま亭 東青梅店,https://tabelog.com/tokyo/A1330/A133003/13246501/
青梅のお店,菊ふじ,https://tabelog.com/tokyo/A1330/A133003/13142717/
青梅のお店,いなげや 青梅師岡店,https://tabelog.com/tokyo/A1330/A133003/13179414/
青梅のお店,お食事処・酒処ぜん,https://tabelog.com/tokyo/A1330/A133003/13084914/
青梅のお店,食処吉野,https://tabelog.com/tokyo/A1330/A133003/13071637/
青梅のお店,一松肉店,https://tabelog.com/tokyo/A1330/A133003/13176318/
青梅のお店,ルビコン,https://tabelog.com/tokyo/A1330/A133003/13204309/
青梅のお店,うおひで イオンスタイル河辺店 ,https://tabelog.com/tokyo/A1330/A133003/13237699/
青梅のお店,居酒屋 蕾,https://tabelog.com/tokyo/A1330/A133003/13075173/
青梅のお店,おうめクレープ,https://tabelog.com/tokyo/A1330/A133003/13280907/
青梅のお店,やきとりふうちゃん,https://tabelog.com/tokyo/A1330/A133003/13227808/
青梅のお店,居酒屋 焼肉 明月館 河辺店,https://tabelog.com/tokyo/A1330/A133003/13229108/
青梅のお店,炭火やきとり 火の鳥 河辺店,https://tabelog.com/tokyo/A1330/A133003/13257322/
青梅のお店,片柳荘,https://tabelog.com/tokyo/A1330/A133003/13273014/
青梅のお店,かねきや飲食店,https://tabelog.com/tokyo/A1330/A133003/13085896/
青梅のお店,天山,https://tabelog.com/tokyo/A1330/A133003/13240879/
青梅のお店,鳥貴族 河辺店,https://tabelog.com/tokyo/A1330/A133003/13224384/
青梅のお店,おきなわ今帰仁農園,https://tabelog.com/tokyo/A1330/A133003/13236841/
青梅のお店,秀えい,https://tabelog.com/tokyo/A1330/A133003/13063378/
青梅のお店,鈴の家,https://tabelog.com/tokyo/A1330/A133003/13083180/
青梅のお店,はこ哉,https://tabelog.com/tokyo/A1330/A133003/13110516/
青梅のお店,舞花,https://tabelog.com/tokyo/A1330/A133003/13166107/
青梅のお店,紀の國屋 河辺店,https://tabelog.com/tokyo/A1330/A133003/13130601/
青梅のお店,寿屋,https://tabelog.com/tokyo/A1330/A133003/13139507/
青梅のお店,ハギワラベーカリー,https://tabelog.com/tokyo/A1330/A133003/13128945/
青梅のお店,南山荘,https://tabelog.com/tokyo/A1330/A133003/13273008/
青梅のお店,エコスタイラヤ 吉野店,https://tabelog.com/tokyo/A1330/A133003/13229532/
青梅のお店,ナナーラカフェ,https://tabelog.com/tokyo/A1330/A133003/13176612/
青梅のお店,すみやき家 串陣 東青梅店,https://tabelog.com/tokyo/A1330/A133003/13026924/
青梅のお店,カフェだんだん,https://tabelog.com/tokyo/A1330/A133003/13165662/
青梅のお店,みさと,https://tabelog.com/tokyo/A1330/A133003/13016465/
青梅のお店,ファミリーマート 河辺駅北口店,https://tabelog.com/tokyo/A1330/A133003/13220708/
青梅のお店,やまや 青梅今寺店,https://tabelog.com/tokyo/A1330/A133003/13187442/
青梅のお店,自家焙煎 波无珈琲工房,https://tabelog.com/tokyo/A1330/A133003/13218418/
青梅のお店,居酒屋たつきち,https://tabelog.com/tokyo/A1330/A133003/13084904/
青梅のお店,居酒屋 みっちゃん,https://tabelog.com/tokyo/A1330/A133003/13075136/
青梅のお店,駅前BBQ B-YARD,https://tabelog.com/tokyo/A1330/A133003/13264310/
青梅のお店,太田精肉店,https://tabelog.com/tokyo/A1330/A133003/13235691/
青梅のお店,セブンイレブン 青梅東青梅3丁目店,https://tabelog.com/tokyo/A1330/A133003/13193546/
青梅のお店,三河屋別館桂月庵,https://tabelog.com/tokyo/A1330/A133003/13091145/
青梅のお店,トンきち屋,https://tabelog.com/tokyo/A1330/A133003/13149113/
青梅のお店,小僧寿し 青梅店,https://tabelog.com/tokyo/A1330/A133003/13128155/
青梅のお店,手打ちそば 寿,https://tabelog.com/tokyo/A1330/A133003/13217904/
青梅のお店,焼鳥×個室居酒屋 鶏太,https://tabelog.com/tokyo/A1330/A133003/13213966/
青梅のお店,能保利,https://tabelog.com/tokyo/A1330/A133003/13273012/
青梅のお店,大寿司,https://tabelog.com/tokyo/A1330/A133003/13071846/
青梅のお店,神代屋宗達,https://tabelog.com/tokyo/A1330/A133003/13071672/
青梅のお店,居酒屋けんちゃん,https://tabelog.com/tokyo/A1330/A133003/13065301/
青梅のお店,JA西東京 かすみ直売センター,https://tabelog.com/tokyo/A1330/A133003/13271405/
青梅のお店,やきとりたけ坊,https://tabelog.com/tokyo/A1330/A133003/13064313/
青梅のお店,和菓子処 福太郎 工場本店,https://tabelog.com/tokyo/A1330/A133003/13156602/
青梅のお店,伊藤薗,https://tabelog.com/tokyo/A1330/A133003/13278746/
青梅のお店,もつ煮 カド屋,https://tabelog.com/tokyo/A1330/A133003/13283537/
青梅のお店,かじか,https://tabelog.com/tokyo/A1330/A133003/13108420/
青梅のお店,秋山荘,https://tabelog.com/tokyo/A1330/A133003/13270248/
青梅のお店,シェルパ カバブハウス,https://tabelog.com/tokyo/A1330/A133003/13251215/
青梅のお店,藜蘆,https://tabelog.com/tokyo/A1330/A133003/13136139/
青梅のお店,シェ・タスケ 青梅店,https://tabelog.com/tokyo/A1330/A133003/13251687/
青梅のお店,琉球ぼうず 東青梅店,https://tabelog.com/tokyo/A1330/A133003/13212526/
青梅のお店,ぽん太,https://tabelog.com/tokyo/A1330/A133003/13064221/
青梅のお店,だよね,https://tabelog.com/tokyo/A1330/A133003/13084909/
青梅のお店,キッチンオリジン 青梅店,https://tabelog.com/tokyo/A1330/A133003/13253339/
青梅のお店,チョコレート工房 ZEN,https://tabelog.com/tokyo/A1330/A133003/13263978/
青梅のお店,千登世,https://tabelog.com/tokyo/A1330/A133003/13071767/
青梅のお店,美登里家,https://tabelog.com/tokyo/A1330/A133003/13072120/
青梅のお店,バー ベーシス,https://tabelog.com/tokyo/A1330/A133003/13232990/
青梅のお店,鳥よし,https://tabelog.com/tokyo/A1330/A133003/13065298/
青梅のお店,リンガーハット イオンスタイル河辺店,https://tabelog.com/tokyo/A1330/A133003/13237563/
青梅のお店,フラワー,https://tabelog.com/tokyo/A1330/A133003/13127461/
青梅のお店,セブンイレブン 青梅野上2丁目店,https://tabelog.com/tokyo/A1330/A133003/13197309/
青梅のお店,金子商店,https://tabelog.com/tokyo/A1330/A133003/13142903/
青梅のお店,麺や 火の鳥,https://tabelog.com/tokyo/A1330/A133003/13249125/
青梅のお店,亀の井ホテル 青梅 お食事処,https://tabelog.com/tokyo/A1330/A133003/13280660/
青梅のお店,ボンマタン いなげや青梅師岡店,https://tabelog.com/tokyo/A1330/A133003/13230768/
青梅のお店,ポワール,https://tabelog.com/tokyo/A1330/A133003/13210730/
青梅のお店,石原製菓,https://tabelog.com/tokyo/A1330/A133003/13220488/
青梅のお店,ゲストハウス＆カフェ 青龍キバコ,https://tabelog.com/tokyo/A1330/A133003/13210826/
青梅のお店,シナモン,https://tabelog.com/tokyo/A1330/A133003/13227248/
青梅のお店,めしかふぇ,https://tabelog.com/tokyo/A1330/A133003/13282072/
青梅のお店,ぷーさん,https://tabelog.com/tokyo/A1330/A133003/13074817/
青梅のお店,寄り処 山根や,https://tabelog.com/tokyo/A1330/A133003/13205933/
青梅のお店,深沢小さな美術館,https://tabelog.com/tokyo/A1330/A133003/13182858/
青梅のお店,成木テラス mahalo,https://tabelog.com/tokyo/A1330/A133003/13266089/
青梅のお店,居酒屋　瓠,https://tabelog.com/tokyo/A1330/A133003/13065274/
青梅のお店,cafe monaca,https://tabelog.com/tokyo/A1330/A133003/13219736/
青梅のお店,ノガミ酒店,https://tabelog.com/tokyo/A1330/A133003/13198690/
青梅のお店,宝寿閣,https://tabelog.com/tokyo/A1330/A133003/13270247/
青梅のお店,牛角 青梅店,https://tabelog.com/tokyo/A1330/A133003/13028270/
青梅のお店,セブンイレブン 河辺駅北口店,https://tabelog.com/tokyo/A1330/A133003/13192332/
青梅のお店,ネパールカレーショップ チャックマティ,https://tabelog.com/tokyo/A1330/A133003/13221541/
青梅のお店,コンフェスタイン河辺,https://tabelog.com/tokyo/A1330/A133003/13193204/
青梅のお店,みよし寿司,https://tabelog.com/tokyo/A1330/A133003/13070541/
青梅のお店,あら井,https://tabelog.com/tokyo/A1330/A133003/13145712/
青梅のお店,麻知家,https://tabelog.com/tokyo/A1330/A133003/13273003/
青梅のお店,やまさき,https://tabelog.com/tokyo/A1330/A133003/13084910/
青梅のお店,もりのうた,https://tabelog.com/tokyo/A1330/A133003/13175953/
青梅のお店,旬彩ダイニング いおり,https://tabelog.com/tokyo/A1330/A133003/13025506/
青梅のお店,小僧寿し 河辺店,https://tabelog.com/tokyo/A1330/A133003/13128154/
青梅のお店,ついんくる,https://tabelog.com/tokyo/A1330/A133003/13089372/
青梅のお店,CHAKU,https://tabelog.com/tokyo/A1330/A133003/13277167/
青梅のお店,Cafe 登々,https://tabelog.com/tokyo/A1330/A133003/13264555/
青梅のお店,文明堂 イオンスタイル河辺店 ,https://tabelog.com/tokyo/A1330/A133003/13237696/
青梅のお店,キミとホイップ 青梅店,https://tabelog.com/tokyo/A1330/A133003/13260203/
青梅のお店,山の上レモネード,https://tabelog.com/tokyo/A1330/A133003/13265252/
青梅のお店,原島荘,https://tabelog.com/tokyo/A1330/A133003/13273010/
青梅のお店,おうちパン,https://tabelog.com/tokyo/A1330/A133003/13239609/
青梅のお店,お宿 やお九,https://tabelog.com/tokyo/A1330/A133003/13275394/
青梅のお店,しゅう家,https://tabelog.com/tokyo/A1330/A133003/13210541/
青梅のお店,松のや 青梅河辺町店,https://tabelog.com/tokyo/A1330/A133003/13266979/
青梅のお店,お好み焼 久ちゃん,https://tabelog.com/tokyo/A1330/A133003/13206393/
青梅のお店,亀の井ホテル 青梅,https://tabelog.com/tokyo/A1330/A133003/13273695/
青梅のお店,氷右衛門,https://tabelog.com/tokyo/A1330/A133003/13271205/
青梅のお店,いしがみオステリア,https://tabelog.com/tokyo/A1330/A133003/13205339/
青梅のお店,CAFEはうす YOSHI,https://tabelog.com/tokyo/A1330/A133003/13259229/
青梅のお店,キッチンノン,https://tabelog.com/tokyo/A1330/A133003/13187309/
青梅のお店,九州・沖縄料理 郷陽,https://tabelog.com/tokyo/A1330/A133003/13027784/
青梅のお店,みたけ歩楽里道,https://tabelog.com/tokyo/A1330/A133003/13113159/
青梅のお店,AKIGAWA BASE,https://tabelog.com/tokyo/A1330/A133003/13274377/
青梅のお店,自然の恵み家凛空,https://tabelog.com/tokyo/A1330/A133003/13153810/
青梅のお店,本陣,https://tabelog.com/tokyo/A1330/A133003/13091876/
青梅のお店,吉澤ワイン商店,https://tabelog.com/tokyo/A1330/A133003/13265499/
青梅のお店,小料理赤提灯,https://tabelog.com/tokyo/A1330/A133003/13082183/
青梅のお店,西友 河辺店,https://tabelog.com/tokyo/A1330/A133003/13181178/
青梅のお店,物産販売所 朝露,https://tabelog.com/tokyo/A1330/A133003/13158880/
青梅のお店,白鷺,https://tabelog.com/tokyo/A1330/A133003/13075452/
青梅のお店,居酒屋 つくね家,https://tabelog.com/tokyo/A1330/A133003/13266575/
青梅のお店,のんびりカフェ,https://tabelog.com/tokyo/A1330/A133003/13175476/
青梅のお店,オリエント ヴィーナスホール 軽食コーナー,https://tabelog.com/tokyo/A1330/A133003/13184484/
青梅のお店,塩船観音寺 売店,https://tabelog.com/tokyo/A1330/A133003/13207955/
青梅のお店,中屋,https://tabelog.com/tokyo/A1330/A133003/13069921/
青梅のお店,寅さん,https://tabelog.com/tokyo/A1330/A133003/13075443/
青梅のお店,十里木ランド,https://tabelog.com/tokyo/A1330/A133003/13201689/
青梅のお店,万寿園,https://tabelog.com/tokyo/A1330/A133003/13063379/
青梅のお店,ビストロペンタ,https://tabelog.com/tokyo/A1330/A133003/13224829/
青梅のお店,丸山荘,https://tabelog.com/tokyo/A1330/A133003/13273017/
青梅のお店,木の花,https://tabelog.com/tokyo/A1330/A133003/13089531/
青梅のお店,和,https://tabelog.com/tokyo/A1330/A133003/13147849/
青梅のお店,おかえり,https://tabelog.com/tokyo/A1330/A133003/13079827/
青梅のお店,Green Mom,https://tabelog.com/tokyo/A1330/A133003/13223172/
青梅のお店,朝日屋,https://tabelog.com/tokyo/A1330/A133003/13068532/
青梅のお店,おきな,https://tabelog.com/tokyo/A1330/A133003/13063783/
青梅のお店,ひので肝要の里,https://tabelog.com/tokyo/A1330/A133003/13221203/
青梅のお店,魚鳥酒家 一期一会,https://tabelog.com/tokyo/A1330/A133003/13192608/
青梅のお店,憩山荘,https://tabelog.com/tokyo/A1330/A133003/13159432/
青梅のお店,サンジェルマン イオンスタイル河辺店 ,https://tabelog.com/tokyo/A1330/A133003/13237698/
青梅のお店,コープみらい コープ青梅新町店,https://tabelog.com/tokyo/A1330/A133003/13180356/
青梅のお店,ファミリーマート 青梅今寺店,https://tabelog.com/tokyo/A1330/A133003/13182526/
青梅のお店,コープベーカリー 青梅新町店,https://tabelog.com/tokyo/A1330/A133003/13194620/
青梅のお店,東京・青梅 石神温泉 清流の宿 おくたま路,https://tabelog.com/tokyo/A1330/A133003/13189448/
青梅のお店,目利きの銀次 河辺南口駅前店 ,https://tabelog.com/tokyo/A1330/A133003/13204119/
青梅のお店,ピザーラ 青梅店,https://tabelog.com/tokyo/A1330/A133003/13128200/
青梅のお店,セブンイレブン 青梅藤橋2丁目店,https://tabelog.com/tokyo/A1330/A133003/13242543/
青梅のお店,ファミリーマート 東青梅駅前店,https://tabelog.com/tokyo/A1330/A133003/13196936/
青梅のお店,滝本駅売店,https://tabelog.com/tokyo/A1330/A133003/13183671/
青梅のお店,いなりや,https://tabelog.com/tokyo/A1330/A133003/13074034/
青梅のお店,駒鳥山荘,https://tabelog.com/tokyo/A1330/A133003/13273006/
青梅のお店,アートギャラリー河鹿園,https://tabelog.com/tokyo/A1330/A133003/13255626/
青梅のお店,秋まる,https://tabelog.com/tokyo/A1330/A133003/13263393/
青梅のお店,ビステリアグーフォ,https://tabelog.com/tokyo/A1330/A133003/13149834/
青梅のお店,登志,https://tabelog.com/tokyo/A1330/A133003/13082704/
青梅のお店,ミニストップ 青梅今寺店,https://tabelog.com/tokyo/A1330/A133003/13181642/
青梅のお店,末廣鮨,https://tabelog.com/tokyo/A1330/A133003/13072256/
青梅のお店,亜陶,https://tabelog.com/tokyo/A1330/A133003/13183832/
青梅のお店,大将,https://tabelog.com/tokyo/A1330/A133003/13253827/
青梅のお店,鳥よし,https://tabelog.com/tokyo/A1330/A133003/13065276/
青梅のお店,煉瓦堂朱とんぼ　いろり小屋,https://tabelog.com/tokyo/A1330/A133003/13109720/
青梅のお店,高水山源流の釣り堀 古民家,https://tabelog.com/tokyo/A1330/A133003/13265201/
青梅のお店,はなの舞 河辺店,https://tabelog.com/tokyo/A1330/A133003/13073106/
青梅のお店,大吉 河辺駅南口店,https://tabelog.com/tokyo/A1330/A133003/13072950/
青梅のお店,長澤珈琲,https://tabelog.com/tokyo/A1330/A133003/13250439/
青梅のお店,とんや亭,https://tabelog.com/tokyo/A1330/A133003/13074753/
青梅のお店,焼肉 火の鳥,https://tabelog.com/tokyo/A1330/A133003/13265549/
青梅のお店,呑み処 みんみん家,https://tabelog.com/tokyo/A1330/A133003/13215610/
青梅のお店,日の出町自然休養村さかな園,https://tabelog.com/tokyo/A1330/A133003/13142301/
青梅のお店,登奈利荘,https://tabelog.com/tokyo/A1330/A133003/13273019/
青梅のお店,寿し和,https://tabelog.com/tokyo/A1330/A133003/13071357/
青梅のお店,Cafe AWAKE,https://tabelog.com/tokyo/A1330/A133003/13246539/
青梅のお店,ファミリーマート 海田大門三丁目店,https://tabelog.com/tokyo/A1330/A133003/13181799/
青梅のお店,セブンイレブン 青梅二俣尾店,https://tabelog.com/tokyo/A1330/A133003/13169053/
青梅のお店,レストラン 清流,https://tabelog.com/tokyo/A1330/A133003/13189447/
青梅のお店,珈夢異,https://tabelog.com/tokyo/A1330/A133003/13132200/
青梅のお店,うさぽんCAFE,https://tabelog.com/tokyo/A1330/A133003/13221140/
青梅のお店,柳丸 東青梅センタービル店,https://tabelog.com/tokyo/A1330/A133003/13162766/
青梅のお店,串カツ居酒屋 KUMA,https://tabelog.com/tokyo/A1330/A133003/13236969/
青梅のお店,中桝屋菓子舗,https://tabelog.com/tokyo/A1330/A133003/13168497/
青梅のお店,しあわせの葉っぱベーカリー,https://tabelog.com/tokyo/A1330/A133003/13258535/
青梅のお店,ほっともっと 河辺店,https://tabelog.com/tokyo/A1330/A133003/13194754/
青梅のお店,火打庵,https://tabelog.com/tokyo/A1330/A133003/13131549/
青梅のお店,鰻・天ぷら 山中,https://tabelog.com/tokyo/A1330/A133003/13128731/
青梅のお店,HIBACHIYA,https://tabelog.com/tokyo/A1330/A133003/13194330/
青梅のお店,onyx,https://tabelog.com/tokyo/A1330/A133003/13270515/
青梅のお店,ほっともっと 青梅大門店,https://tabelog.com/tokyo/A1330/A133003/13113073/
青梅のお店,オザム 新町店,https://tabelog.com/tokyo/A1330/A133003/13228838/
青梅のお店,魚吉 東青梅店,https://tabelog.com/tokyo/A1330/A133003/13072827/
青梅のお店,ぎゃらりーcafe&工房 マルセルのお庭,https://tabelog.com/tokyo/A1330/A133003/13212988/
青梅のお店,茶処 東馬場,https://tabelog.com/tokyo/A1330/A133003/13250864/
青梅のお店,もみの木,https://tabelog.com/tokyo/A1330/A133003/13044527/
青梅のお店,かろや,https://tabelog.com/tokyo/A1330/A133003/13078978/
青梅のお店,いわむら,https://tabelog.com/tokyo/A1330/A133003/13251481/
青梅のお店,NAMA,https://tabelog.com/tokyo/A1330/A133003/13259869/
青梅のお店,まちの駅青梅,https://tabelog.com/tokyo/A1330/A133003/13209931/
青梅のお店,ファミリーマート 青梅吉野梅郷店,https://tabelog.com/tokyo/A1330/A133003/13226150/
青梅のお店,台 河辺店,https://tabelog.com/tokyo/A1330/A133003/13168248/
青梅のお店,真味亭,https://tabelog.com/tokyo/A1330/A133003/13160833/
青梅のお店,あさぎやみたけ,https://tabelog.com/tokyo/A1330/A133003/13277594/
青梅のお店,ポラリス 今寺店,https://tabelog.com/tokyo/A1330/A133003/13180597/
青梅のお店,関忠,https://tabelog.com/tokyo/A1330/A133003/13065286/
青梅のお店,ファミリーマート  青梅吉野街道店,https://tabelog.com/tokyo/A1330/A133003/13182556/
青梅のお店,八石,https://tabelog.com/tokyo/A1330/A133003/13072091/
青梅のお店,まんまる亭,https://tabelog.com/tokyo/A1330/A133003/13099307/
青梅のお店,静山荘,https://tabelog.com/tokyo/A1330/A133003/13273018/
青梅のお店,カフェプラス,https://tabelog.com/tokyo/A1330/A133003/13169036/
青梅のお店,和み処 ふくちゃん,https://tabelog.com/tokyo/A1330/A133003/13210277/
青梅のお店,青梅市立美術館 喫茶室,https://tabelog.com/tokyo/A1330/A133003/13251319/
青梅のお店,セブンイレブン 青梅四小前,https://tabelog.com/tokyo/A1330/A133003/13178576/
青梅のお店,寿美吉,https://tabelog.com/tokyo/A1330/A133003/13068005/
青梅のお店,ファミリーマート 青梅野上店,https://tabelog.com/tokyo/A1330/A133003/13181800/
青梅のお店,千扇,https://tabelog.com/tokyo/A1330/A133003/13076937/
青梅のお店,きりんのたまご,https://tabelog.com/tokyo/A1330/A133003/13192580/
青梅のお店,喜代志,https://tabelog.com/tokyo/A1330/A133003/13070788/
青梅のお店,maru. +BEANS CAFE,https://tabelog.com/tokyo/A1330/A133003/13269014/
青梅のお店,セブンイレブン 青梅畑中3丁目店,https://tabelog.com/tokyo/A1330/A133003/13181013/
青梅のお店,お菓子工房 ゆきばな,https://tabelog.com/tokyo/A1330/A133003/13275540/
青梅のお店,嶺雲荘,https://tabelog.com/tokyo/A1330/A133003/13153502/
青梅のお店,小山製菓,https://tabelog.com/tokyo/A1330/A133003/13072499/
青梅のお店,ブリーズ・風,https://tabelog.com/tokyo/A1330/A133003/13107716/
青梅のお店,増田庵,https://tabelog.com/tokyo/A1330/A133003/13068284/
青梅のお店,食処 みやび,https://tabelog.com/tokyo/A1330/A133003/13070722/
青梅のお店,宗八,https://tabelog.com/tokyo/A1330/A133003/13082084/
青梅のお店,ふじ嘉,https://tabelog.com/tokyo/A1330/A133003/13273983/
青梅のお店,ちゃんちき堂 ひみつ工場 塩船店,https://tabelog.com/tokyo/A1330/A133003/13162828/
青梅のお店,肉のひきだ,https://tabelog.com/tokyo/A1330/A133003/13195045/
青梅のお店,釜寅 青梅河辺店,https://tabelog.com/tokyo/A1330/A133003/13256980/
青梅のお店,餃子 火の鳥,https://tabelog.com/tokyo/A1330/A133003/13247292/
青梅のお店,多摩寿司,https://tabelog.com/tokyo/A1330/A133003/13071806/
青梅のお店,ラパンアジル　菓子店,https://tabelog.com/tokyo/A1330/A133003/13098368/
青梅のお店,天野屋,https://tabelog.com/tokyo/A1330/A133003/13082683/
青梅のお店,CINEMA NEKO,https://tabelog.com/tokyo/A1330/A133003/13260006/
青梅のお店,ママノチョコレート＆ジェラート青梅工房前キッチンカー,https://tabelog.com/tokyo/A1330/A133003/13275280/
青梅のお店,御菓子処 與八,https://tabelog.com/tokyo/A1330/A133003/13198861/
青梅のお店,JA西東京グリーンセンター,https://tabelog.com/tokyo/A1330/A133003/13187275/
青梅のお店,一楽ずし,https://tabelog.com/tokyo/A1330/A133003/13070626/
青梅のお店,潮来,https://tabelog.com/tokyo/A1330/A133003/13084901/
青梅のお店,割烹みしま,https://tabelog.com/tokyo/A1330/A133003/13092479/
青梅のお店,MELON LAB. 青梅店,https://tabelog.com/tokyo/A1330/A133003/13275538/
青梅のお店,セブンイレブン 青梅日向和田3丁目店,https://tabelog.com/tokyo/A1330/A133003/13181012/
青梅のお店,丼丸 d´Ome 千ヶ瀬店,https://tabelog.com/tokyo/A1330/A133003/13204808/
青梅のお店,道味,https://tabelog.com/tokyo/A1330/A133003/13168494/
青梅のお店,ベーカリー レター,https://tabelog.com/tokyo/A1330/A133003/13248752/
青梅のお店,寿司忠,https://tabelog.com/tokyo/A1330/A133003/13071471/
青梅のお店,セブンイレブン  青梅柚木店,https://tabelog.com/tokyo/A1330/A133003/13168438/
青梅のお店,いぶし庵,https://tabelog.com/tokyo/A1330/A133003/13260140/
青梅のお店,から好し 青梅河辺店,https://tabelog.com/tokyo/A1330/A133003/13217414/
青梅のお店,秋川国際マス釣場,https://tabelog.com/tokyo/A1330/A133003/13111202/
青梅のお店,ファミリーマート 東青梅四丁目店,https://tabelog.com/tokyo/A1330/A133003/13176007/
青梅のお店,沢井マウンテンカフェ,https://tabelog.com/tokyo/A1330/A133003/13249847/
青梅のお店,パブ　フェニックス,https://tabelog.com/tokyo/A1330/A133003/13139673/
青梅のお店,たつみ,https://tabelog.com/tokyo/A1330/A133003/13080388/
青梅のお店,ふるや食堂,https://tabelog.com/tokyo/A1330/A133003/13080873/
青梅のお店,炙り鶏とりばこ,https://tabelog.com/tokyo/A1330/A133003/13214457/
青梅のお店,jihan de おうめマルシェ,https://tabelog.com/tokyo/A1330/A133003/13267824/
青梅のお店,井戸入,https://tabelog.com/tokyo/A1330/A133003/13129428/
青梅のお店,カフェギャラリー　草,https://tabelog.com/tokyo/A1330/A133003/13103543/
青梅のお店,居酒屋 おとちゃん,https://tabelog.com/tokyo/A1330/A133003/13075103/
青梅のお店,ひのき茶屋,https://tabelog.com/tokyo/A1330/A133003/13069394/
青梅のお店,関西煮物料理の店 和楽里,https://tabelog.com/tokyo/A1330/A133003/13217039/
青梅のお店,は万の製菓,https://tabelog.com/tokyo/A1330/A133003/13145713/
青梅のお店,サッポロ生肉や ジンギスカン 東青梅店,https://tabelog.com/tokyo/A1330/A133003/13283881/
青梅のお店,きのすけ,https://tabelog.com/tokyo/A1330/A133003/13084902/
﻿青梅のお店,たの志り,https://tabelog.com/tokyo/A1330/A133003/13077761/
青梅のお店,ふたば,https://tabelog.com/tokyo/A1330/A133003/13091144/
青梅のお店,来来軒,https://tabelog.com/tokyo/A1330/A133003/13199453/
青梅のお店,多摩利屋,https://tabelog.com/tokyo/A1330/A133003/13066217/
青梅のお店,うつぼや荘,https://tabelog.com/tokyo/A1330/A133003/13273016/
青梅のお店,ウオールナット,https://tabelog.com/tokyo/A1330/A133003/13075818/
青梅のお店,海鮮 火の鳥,https://tabelog.com/tokyo/A1330/A133003/13243663/
青梅のお店,ヘーゼル洋菓子店,https://tabelog.com/tokyo/A1330/A133003/13175955/
青梅のお店,居酒屋 つくね家,https://tabelog.com/tokyo/A1330/A133003/13266319/
青梅のお店,すし上等 青梅河辺店,https://tabelog.com/tokyo/A1330/A133003/13195864/
青梅のお店,かず,https://tabelog.com/tokyo/A1330/A133003/13079952/
青梅のお店,すざき,https://tabelog.com/tokyo/A1330/A133003/13155670/
青梅のお店,高名荘,https://tabelog.com/tokyo/A1330/A133003/13273021/
青梅のお店,夢庵 青梅店,https://tabelog.com/tokyo/A1330/A133003/13131278/
青梅のお店,ファミリーマート 青梅大門店,https://tabelog.com/tokyo/A1330/A133003/13194619/
青梅のお店,ジェーソン 青梅今寺店,https://tabelog.com/tokyo/A1330/A133003/13253585/
青梅のお店,イオンスタイル 河辺,https://tabelog.com/tokyo/A1330/A133003/13244539/
青梅のお店,宝亭 本店,https://tabelog.com/tokyo/A1330/A133003/13086449/
青梅のお店,KTホール GALLERY Burari Cafe,https://tabelog.com/tokyo/A1330/A133003/13136902/
青梅のお店,常宿,https://tabelog.com/tokyo/A1330/A133003/13084907/
青梅のお店,やきとり七福,https://tabelog.com/tokyo/A1330/A133003/13138190/
青梅のお店,ジョナサン 青梅店,https://tabelog.com/tokyo/A1330/A133003/13135733/
青梅のお店,不二家 イオンスタイル河辺店,https://tabelog.com/tokyo/A1330/A133003/13249735/
青梅のお店,クーポール,https://tabelog.com/tokyo/A1330/A133003/13135935/
青梅のお店,松井商店,https://tabelog.com/tokyo/A1330/A133003/13195048/
青梅のお店,旬菜と手打ち蕎麦・うどんの店 稀星 青梅店,https://tabelog.com/tokyo/A1330/A133003/13244459/
青梅のお店,たちばな,https://tabelog.com/tokyo/A1330/A133003/13076048/
青梅のお店,居ッ歩,https://tabelog.com/tokyo/A1330/A133003/13089149/
青梅のお店,オザムバリュー 野上店,https://tabelog.com/tokyo/A1330/A133003/13182539/
青梅のお店,Cafe Chaty Four,https://tabelog.com/tokyo/A1330/A133003/13059315/
青梅のお店,御岳山荘,https://tabelog.com/tokyo/A1330/A133003/13273009/
青梅のお店,鶏笑 御岳店,https://tabelog.com/tokyo/A1330/A133003/13258976/
青梅のお店,末廣鮨,https://tabelog.com/tokyo/A1330/A133003/13128991/
青梅のお店,シャトレーゼ 青梅店,https://tabelog.com/tokyo/A1330/A133003/13225747/
青梅のお店,ディーダブリューコーヒー,https://tabelog.com/tokyo/A1330/A133003/13253682/
青梅のお店,炉ばた焼　津軽,https://tabelog.com/tokyo/A1330/A133003/13065292/
青梅のお店,マクドナルド 千ヶ瀬マルフジ店,https://tabelog.com/tokyo/A1330/A133003/13127759/
青梅のお店,Garage Cafe and Bar monocoque,https://tabelog.com/tokyo/A1330/A133003/13274757/
青梅のお店,レストラン bee,https://tabelog.com/tokyo/A1330/A133003/13199091/
奥多摩町のお店、レストラン,氷川サービスステーション,https://tabelog.com/tokyo/A1330/A133004/13113104/
奥多摩町のお店、レストラン,鳩の巣釜めし,https://tabelog.com/tokyo/A1330/A133004/13045241/
奥多摩町のお店、レストラン,飲食処 ヤナギコージ,https://tabelog.com/tokyo/A1330/A133004/13261002/
奥多摩町のお店、レストラン,蕎麦太郎CAFE,https://tabelog.com/tokyo/A1330/A133004/13158198/
奥多摩町のお店、レストラン,矢久亭,https://tabelog.com/tokyo/A1330/A133004/13135827/
奥多摩町のお店、レストラン,森の中のお肉レストラン アースガーデン,https://tabelog.com/tokyo/A1330/A133004/13086612/
奥多摩町のお店、レストラン,檜原とうふ ちとせ屋,https://tabelog.com/tokyo/A1330/A133004/13043821/
奥多摩町のお店、レストラン,だしまき玉子専門店 卵道,https://tabelog.com/tokyo/A1330/A133004/13232610/
奥多摩町のお店、レストラン,蛇の湯温泉　たから荘,https://tabelog.com/tokyo/A1330/A133004/13128832/
奥多摩町のお店、レストラン,カフェクアラ,https://tabelog.com/tokyo/A1330/A133004/13130546/
奥多摩町のお店、レストラン,ビア カフェ バテレ,https://tabelog.com/tokyo/A1330/A133004/13184284/
奥多摩町のお店、レストラン,天益,https://tabelog.com/tokyo/A1330/A133004/13044742/
奥多摩町のお店、レストラン,カタクリの花,https://tabelog.com/tokyo/A1330/A133004/13110809/
奥多摩町のお店、レストラン,だしまき玉子専門店 卵道 TAMAコレクション,https://tabelog.com/tokyo/A1330/A133004/13260929/
奥多摩町のお店、レストラン,絶景カフェ ぽっぽ,https://tabelog.com/tokyo/A1330/A133004/13040102/
奥多摩町のお店、レストラン,蔵屋,https://tabelog.com/tokyo/A1330/A133004/13026333/
奥多摩町のお店、レストラン,島勝,https://tabelog.com/tokyo/A1330/A133004/13114958/
奥多摩町のお店、レストラン,はらしま食堂,https://tabelog.com/tokyo/A1330/A133004/13080740/
奥多摩町のお店、レストラン,木古里,https://tabelog.com/tokyo/A1330/A133004/13089535/
奥多摩町のお店、レストラン,数馬の湯,https://tabelog.com/tokyo/A1330/A133004/13044095/
奥多摩町のお店,丹下堂,https://tabelog.com/tokyo/A1330/A133004/13175670/
奥多摩町のお店,ちわき,https://tabelog.com/tokyo/A1330/A133004/13088160/
奥多摩町のお店,農家 ヘムロック,https://tabelog.com/tokyo/A1330/A133004/13056428/
奥多摩町のお店,ひのはら四季の里,https://tabelog.com/tokyo/A1330/A133004/13074385/
奥多摩町のお店,なかい,https://tabelog.com/tokyo/A1330/A133004/13016478/
奥多摩町のお店,カフェ せせらぎ,https://tabelog.com/tokyo/A1330/A133004/13173056/
奥多摩町のお店,山鳩,https://tabelog.com/tokyo/A1330/A133004/13076421/
奥多摩町のお店,ごはんcafe やませみ,https://tabelog.com/tokyo/A1330/A133004/13118859/
奥多摩町のお店,たなごころ,https://tabelog.com/tokyo/A1330/A133004/13074386/
奥多摩町のお店,浅間坂 木庵,https://tabelog.com/tokyo/A1330/A133004/13187488/
奥多摩町のお店,そば処 鳩美,https://tabelog.com/tokyo/A1330/A133004/13044717/
奥多摩町のお店,山のぱ～ん屋 森のダンス,https://tabelog.com/tokyo/A1330/A133004/13260509/
奥多摩町のお店,はとのす荘 レストラン,https://tabelog.com/tokyo/A1330/A133004/13182177/
奥多摩町のお店,かんづくり荘,https://tabelog.com/tokyo/A1330/A133004/13155747/
奥多摩町のお店,観光旅館　三頭山荘,https://tabelog.com/tokyo/A1330/A133004/13074384/
奥多摩町のお店,とちの実,https://tabelog.com/tokyo/A1330/A133004/13091654/
奥多摩町のお店,日原鍾乳洞 売店,https://tabelog.com/tokyo/A1330/A133004/13157270/
奥多摩町のお店,一心亭,https://tabelog.com/tokyo/A1330/A133004/13117075/
奥多摩町のお店,ポートおくたま,https://tabelog.com/tokyo/A1330/A133004/13209777/
奥多摩町のお店,陣屋,https://tabelog.com/tokyo/A1330/A133004/13110220/
奥多摩町のお店,ヴィッラ デルピーノ,https://tabelog.com/tokyo/A1330/A133004/13143533/
奥多摩町のお店,都民の森とちのみ売店,https://tabelog.com/tokyo/A1330/A133004/13142110/
奥多摩町のお店,大麦代駐車場売店,https://tabelog.com/tokyo/A1330/A133004/13114474/
奥多摩町のお店,丹三郎,https://tabelog.com/tokyo/A1330/A133004/13016476/
奥多摩町のお店,のんきや,https://tabelog.com/tokyo/A1330/A133004/13021295/
奥多摩町のお店,もえぎの湯,https://tabelog.com/tokyo/A1330/A133004/13058361/
奥多摩町のお店,楓,https://tabelog.com/tokyo/A1330/A133004/13107452/
奥多摩町のお店,渓谷展望カフェ,https://tabelog.com/tokyo/A1330/A133004/13195072/
奥多摩町のお店,鉢の木,https://tabelog.com/tokyo/A1330/A133004/13266780/
奥多摩町のお店,ポッポ焼き しんちゃん,https://tabelog.com/tokyo/A1330/A133004/13248177/
奥多摩町のお店,獅子口屋,https://tabelog.com/tokyo/A1330/A133004/13173312/
奥多摩町のお店,わさび食堂,https://tabelog.com/tokyo/A1330/A133004/13271116/
奥多摩町のお店,湖湖,https://tabelog.com/tokyo/A1330/A133004/13113177/
奥多摩町のお店,古民家カフェ 晴ノ舎,https://tabelog.com/tokyo/A1330/A133004/13272549/
奥多摩町のお店,山の店,https://tabelog.com/tokyo/A1330/A133004/13188207/
奥多摩町のお店,コリーズキッチン,https://tabelog.com/tokyo/A1330/A133004/13238986/
奥多摩町のお店,四季の家,https://tabelog.com/tokyo/A1330/A133004/13184977/
奥多摩町のお店,よりみち茶屋とおまわり,https://tabelog.com/tokyo/A1330/A133004/13229860/
奥多摩町のお店,日原渓流釣り場,https://tabelog.com/tokyo/A1330/A133004/13177108/
奥多摩町のお店,アメリカキャンプ村,https://tabelog.com/tokyo/A1330/A133004/13101114/
奥多摩町のお店,玉翠荘,https://tabelog.com/tokyo/A1330/A133004/13271435/
奥多摩町のお店,酒処 雲仙,https://tabelog.com/tokyo/A1330/A133004/13259322/
奥多摩町のお店,トラウトファーム秋川,https://tabelog.com/tokyo/A1330/A133004/13234968/
奥多摩町のお店,一松肉店,https://tabelog.com/tokyo/A1330/A133004/13256677/
奥多摩町のお店,安下処,https://tabelog.com/tokyo/A1330/A133004/13069481/
奥多摩町のお店,美山亭,https://tabelog.com/tokyo/A1330/A133004/13189446/
奥多摩町のお店,山城屋,https://tabelog.com/tokyo/A1330/A133004/13182574/
奥多摩町のお店,大橋屋,https://tabelog.com/tokyo/A1330/A133004/13113176/
奥多摩町のお店,寺カフェ 岫雲,https://tabelog.com/tokyo/A1330/A133004/13224153/
奥多摩町のお店,SAKA,https://tabelog.com/tokyo/A1330/A133004/13171969/
奥多摩町のお店,玉福,https://tabelog.com/tokyo/A1330/A133004/13081728/
奥多摩町のお店,暫亭 奥多摩店,https://tabelog.com/tokyo/A1330/A133004/13264871/
奥多摩町のお店,居酒屋 しんちゃん,https://tabelog.com/tokyo/A1330/A133004/13279254/
奥多摩町のお店,小河内荘,https://tabelog.com/tokyo/A1330/A133004/13190428/
奥多摩町のお店,弘美堂,https://tabelog.com/tokyo/A1330/A133004/13115813/
奥多摩町のお店,しみず,https://tabelog.com/tokyo/A1330/A133004/13092289/
奥多摩町のお店,食彩キッチン メイフライ,https://tabelog.com/tokyo/A1330/A133004/13220136/
奥多摩町のお店,セブンイレブン 奥多摩古里店,https://tabelog.com/tokyo/A1330/A133004/13166230/
奥多摩町のお店,奥多摩町観光案内所,https://tabelog.com/tokyo/A1330/A133004/13195600/
奥多摩町のお店,奥多摩湖レストセンター,https://tabelog.com/tokyo/A1330/A133004/13194569/
奥多摩町のお店,おくたま寿司,https://tabelog.com/tokyo/A1330/A133004/13070202/
奥多摩町のお店,兜家旅館,https://tabelog.com/tokyo/A1330/A133004/13077916/
奥多摩町のお店,藤倉校舎 セルフ・カフェ,https://tabelog.com/tokyo/A1330/A133004/13278556/
奥多摩町のお店,かあべえ屋,https://tabelog.com/tokyo/A1330/A133004/13203621/
奥多摩町のお店,中村屋,https://tabelog.com/tokyo/A1330/A133004/13271572/
奥多摩町のお店,ひのきのそのCafeルーム,https://tabelog.com/tokyo/A1330/A133004/13196758/
奥多摩町のお店,奥多摩・松乃温泉 水香園,https://tabelog.com/tokyo/A1330/A133004/13061433/
奥多摩町のお店,炉ばた あかべこ,https://tabelog.com/tokyo/A1330/A133004/13250325/
奥多摩町のお店,釣り堀CAFE 二見,https://tabelog.com/tokyo/A1330/A133004/13132279/
奥多摩町のお店,奥多摩の台所,https://tabelog.com/tokyo/A1330/A133004/13283660/
奥多摩町のお店,花あそび,https://tabelog.com/tokyo/A1330/A133004/13081452/
奥多摩町のお店,ガタコーヒー,https://tabelog.com/tokyo/A1330/A133004/13254144/
奥多摩町のお店,奥多摩の風 はとのす荘,https://tabelog.com/tokyo/A1330/A133004/13221646/
奥多摩町のお店,むらキ,https://tabelog.com/tokyo/A1330/A133004/13107453/
奥多摩町のお店,かわい寿司,https://tabelog.com/tokyo/A1330/A133004/13070229/
奥多摩町のお店,かもんみーる,https://tabelog.com/tokyo/A1330/A133004/13264991/
奥多摩町のお店,千島わさび園,https://tabelog.com/tokyo/A1330/A133004/13263574/
奥多摩町のお店,サーカスアウトドア 東京,https://tabelog.com/tokyo/A1330/A133004/13239087/
奥多摩町のお店,井上食品,https://tabelog.com/tokyo/A1330/A133004/13163633/
奥多摩町のお店,タイムズマート 佐藤商店,https://tabelog.com/tokyo/A1330/A133004/13177230/
奥多摩町のお店,みすず堂,https://tabelog.com/tokyo/A1330/A133004/13233923/
奥多摩町のお店,土蔵食亭,https://tabelog.com/tokyo/A1330/A133004/13118429/
奥多摩町のお店,丸井亭,https://tabelog.com/tokyo/A1330/A133004/13194568/
奥多摩町のお店,ドラポーブルー,https://tabelog.com/tokyo/A1330/A133004/13270209/
奥多摩町のお店,森のささやき,https://tabelog.com/tokyo/A1330/A133004/13249060/
奥多摩町のお店,パノラマショップ ブナの森,https://tabelog.com/tokyo/A1330/A133004/13201830/
奥多摩町のお店,らぁめん 和尚,https://tabelog.com/tokyo/A1330/A133004/13275892/
伊豆諸島のお店、レストラン,魚八亭 八丈島本店,https://tabelog.com/tokyo/A1331/A133101/13163950/
伊豆諸島のお店、レストラン,レストハウス,https://tabelog.com/tokyo/A1331/A133101/13143008/
伊豆諸島のお店、レストラン,三千里,https://tabelog.com/tokyo/A1331/A133101/13149826/
伊豆諸島のお店、レストラン,栄楽,https://tabelog.com/tokyo/A1331/A133101/13218316/
伊豆諸島のお店、レストラン,繁,https://tabelog.com/tokyo/A1331/A133101/13111204/
伊豆諸島のお店、レストラン,中之郷,https://tabelog.com/tokyo/A1331/A133101/13142971/
伊豆諸島のお店、レストラン,COCONUT GARDEN,https://tabelog.com/tokyo/A1331/A133101/13109549/
伊豆諸島のお店、レストラン,ふくまる商店,https://tabelog.com/tokyo/A1331/A133101/13097315/
伊豆諸島のお店、レストラン,ピッツァ パラディッソ,https://tabelog.com/tokyo/A1331/A133101/13141796/
伊豆諸島のお店、レストラン,蓮華,https://tabelog.com/tokyo/A1331/A133101/13195451/
伊豆諸島のお店、レストラン,藍ヶ江水産 地魚干物食堂,https://tabelog.com/tokyo/A1331/A133101/13159800/
伊豆諸島のお店、レストラン,アカコッコ,https://tabelog.com/tokyo/A1331/A133101/13141711/
伊豆諸島のお店、レストラン,大関寿司,https://tabelog.com/tokyo/A1331/A133101/13117528/
伊豆諸島のお店、レストラン,いそざきえん,https://tabelog.com/tokyo/A1331/A133101/13113720/
伊豆諸島のお店、レストラン,通,https://tabelog.com/tokyo/A1331/A133101/13158710/
伊豆諸島のお店、レストラン,さるびあ,https://tabelog.com/tokyo/A1331/A133101/13103019/
伊豆諸島のお店、レストラン,魚味幸,https://tabelog.com/tokyo/A1331/A133101/13097452/
伊豆諸島のお店、レストラン,美家古寿司 本店,https://tabelog.com/tokyo/A1331/A133101/13041826/
伊豆諸島のお店、レストラン,ファミリーストア　みやとら,https://tabelog.com/tokyo/A1331/A133101/13182595/
伊豆諸島のお店、レストラン,南島館,https://tabelog.com/tokyo/A1331/A133101/13048181/
伊豆諸島のお店,八丈島創作郷土居酒屋 エイト,https://tabelog.com/tokyo/A1331/A133101/13095177/
伊豆諸島のお店,八丈島郷土料理　梁山泊,https://tabelog.com/tokyo/A1331/A133101/13053819/
伊豆諸島のお店,むかしの富次朗,https://tabelog.com/tokyo/A1331/A133101/13157443/
伊豆諸島のお店,大島温泉ホテル,https://tabelog.com/tokyo/A1331/A133101/13224372/
伊豆諸島のお店,厨,https://tabelog.com/tokyo/A1331/A133101/13141871/
伊豆諸島のお店,リードパークリゾート八丈島,https://tabelog.com/tokyo/A1331/A133101/13206651/
伊豆諸島のお店,菜々屋,https://tabelog.com/tokyo/A1331/A133101/13157519/
伊豆諸島のお店,宝亭,https://tabelog.com/tokyo/A1331/A133101/13096401/
伊豆諸島のお店,あそこ寿司,https://tabelog.com/tokyo/A1331/A133101/13019967/
伊豆諸島のお店,POOL,https://tabelog.com/tokyo/A1331/A133101/13194417/
伊豆諸島のお店,港鮨,https://tabelog.com/tokyo/A1331/A133101/13130360/
伊豆諸島のお店,御神火茶屋,https://tabelog.com/tokyo/A1331/A133101/13039245/
伊豆諸島のお店,カレーハウス木里吉里,https://tabelog.com/tokyo/A1331/A133101/13130359/
伊豆諸島のお店,ぶらっとハウス,https://tabelog.com/tokyo/A1331/A133101/13103388/
伊豆諸島のお店,よっちゃーれセンター,https://tabelog.com/tokyo/A1331/A133101/13042888/
伊豆諸島のお店,八丈カレー ヒロ,https://tabelog.com/tokyo/A1331/A133101/13186025/
伊豆諸島のお店,ヒュウガ ブルワリー,https://tabelog.com/tokyo/A1331/A133101/13206660/
伊豆諸島のお店,池村商店,https://tabelog.com/tokyo/A1331/A133101/13142995/
伊豆諸島のお店,えこあぐりまーと八丈島地熱利用農産物直売所,https://tabelog.com/tokyo/A1331/A133101/13157441/
伊豆諸島のお店,寿し光,https://tabelog.com/tokyo/A1331/A133101/13039244/
伊豆諸島のお店,八丈富士牧野・ふれあい牧場,https://tabelog.com/tokyo/A1331/A133101/13159264/
伊豆諸島のお店,シュ．クゥー,https://tabelog.com/tokyo/A1331/A133101/13118368/
伊豆諸島のお店,あさぬま,https://tabelog.com/tokyo/A1331/A133101/13158224/
伊豆諸島のお店,栄寿司,https://tabelog.com/tokyo/A1331/A133101/13061041/
伊豆諸島のお店,サンバレー,https://tabelog.com/tokyo/A1331/A133101/13061047/
伊豆諸島のお店,四季の味　まんたて,https://tabelog.com/tokyo/A1331/A133101/13104474/
伊豆諸島のお店,空間舎,https://tabelog.com/tokyo/A1331/A133101/13182057/
伊豆諸島のお店,島京梵天,https://tabelog.com/tokyo/A1331/A133101/13130362/
伊豆諸島のお店,善菓子屋,https://tabelog.com/tokyo/A1331/A133101/13132603/
伊豆諸島のお店,ポケット,https://tabelog.com/tokyo/A1331/A133101/13117255/
伊豆諸島のお店,八丈ストア 本店,https://tabelog.com/tokyo/A1331/A133101/13164743/
伊豆諸島のお店,ココ・ムーン,https://tabelog.com/tokyo/A1331/A133101/13141873/
伊豆諸島のお店,かじやベーカリー,https://tabelog.com/tokyo/A1331/A133101/13143010/
伊豆諸島のお店,雑魚や紀洋丸,https://tabelog.com/tokyo/A1331/A133101/13026027/
伊豆諸島のお店,鵜飼商店,https://tabelog.com/tokyo/A1331/A133101/13130383/
伊豆諸島のお店,名代一休庵,https://tabelog.com/tokyo/A1331/A133101/13137747/
伊豆諸島のお店,千漁,https://tabelog.com/tokyo/A1331/A133101/13061050/
伊豆諸島のお店,名代 歌乃茶屋,https://tabelog.com/tokyo/A1331/A133101/13060268/
伊豆諸島のお店,かあちゃん,https://tabelog.com/tokyo/A1331/A133101/13039254/
伊豆諸島のお店,愛らんどセンター 御神火温泉,https://tabelog.com/tokyo/A1331/A133101/13159306/
伊豆諸島のお店,すし処銀八,https://tabelog.com/tokyo/A1331/A133101/13019965/
伊豆諸島のお店,STARFISH AND COFFEE,https://tabelog.com/tokyo/A1331/A133101/13268640/
伊豆諸島のお店,レストラン海楽,https://tabelog.com/tokyo/A1331/A133101/13133802/
伊豆諸島のお店,千両,https://tabelog.com/tokyo/A1331/A133101/13113497/
伊豆諸島のお店,島のアイスクリーム屋 トリトン,https://tabelog.com/tokyo/A1331/A133101/13197456/
伊豆諸島のお店,八丈島ジャージーカフェ,https://tabelog.com/tokyo/A1331/A133101/13201811/
伊豆諸島のお店,民芸あき,https://tabelog.com/tokyo/A1331/A133101/13160864/
伊豆諸島のお店,ブーランジェリー,https://tabelog.com/tokyo/A1331/A133101/13143616/
伊豆諸島のお店,おともだち,https://tabelog.com/tokyo/A1331/A133101/13026028/
伊豆諸島のお店,藤屋ベーカリー,https://tabelog.com/tokyo/A1331/A133101/13135529/
伊豆諸島のお店,一峰,https://tabelog.com/tokyo/A1331/A133101/13111917/
伊豆諸島のお店,朝海館,https://tabelog.com/tokyo/A1331/A133101/13176992/
伊豆諸島のお店,酒屋の宮原,https://tabelog.com/tokyo/A1331/A133101/13258919/
伊豆諸島のお店,ラ・キメラ,https://tabelog.com/tokyo/A1331/A133101/13157971/
伊豆諸島のお店,やすとく,https://tabelog.com/tokyo/A1331/A133101/13218184/
伊豆諸島のお店,ろくさん,https://tabelog.com/tokyo/A1331/A133101/13273532/
伊豆諸島のお店,万立荘,https://tabelog.com/tokyo/A1331/A133101/13274011/
伊豆諸島のお店,旅宿 うみの和,https://tabelog.com/tokyo/A1331/A133101/13274008/
伊豆諸島のお店,筑紫樓 八丈島店,https://tabelog.com/tokyo/A1331/A133101/13158282/
伊豆諸島のお店,八丈ピーコック,https://tabelog.com/tokyo/A1331/A133101/13141916/
伊豆諸島のお店,プチカフェ,https://tabelog.com/tokyo/A1331/A133101/13188394/
伊豆諸島のお店,浜川精肉店,https://tabelog.com/tokyo/A1331/A133101/13258941/
伊豆諸島のお店,伊勢崎富次朗商店,https://tabelog.com/tokyo/A1331/A133101/13272834/
伊豆諸島のお店,ひょうたん島,https://tabelog.com/tokyo/A1331/A133101/13273567/
伊豆諸島のお店,テス,https://tabelog.com/tokyo/A1331/A133101/13272199/
伊豆諸島のお店,シーフラワー青峰,https://tabelog.com/tokyo/A1331/A133101/13273398/
伊豆諸島のお店,居酒屋 カンブリ,https://tabelog.com/tokyo/A1331/A133101/13097397/
伊豆諸島のお店,ステーキ チャーリー,https://tabelog.com/tokyo/A1331/A133101/13188386/
伊豆諸島のお店,やたい村,https://tabelog.com/tokyo/A1331/A133101/13272697/
伊豆諸島のお店,サンライズ,https://tabelog.com/tokyo/A1331/A133101/13272207/
伊豆諸島のお店,居酒屋 ちょうちん たつみ,https://tabelog.com/tokyo/A1331/A133101/13185593/
伊豆諸島のお店,池太商店,https://tabelog.com/tokyo/A1331/A133101/13272648/
伊豆諸島のお店,明日葉のお菓子 hachi,https://tabelog.com/tokyo/A1331/A133101/13272782/
伊豆諸島のお店,くさや藤文,https://tabelog.com/tokyo/A1331/A133101/13284361/
伊豆諸島のお店,まざーずあーす,https://tabelog.com/tokyo/A1331/A133101/13273736/
伊豆諸島のお店,ザ・ＢＯＯＮ,https://tabelog.com/tokyo/A1331/A133101/13159197/
伊豆諸島のお店,ちび,https://tabelog.com/tokyo/A1331/A133101/13178841/
伊豆諸島のお店,居酒屋 島,https://tabelog.com/tokyo/A1331/A133101/13234168/
伊豆諸島のお店,夕景,https://tabelog.com/tokyo/A1331/A133101/13250754/
伊豆諸島のお店,美松屋旅館,https://tabelog.com/tokyo/A1331/A133101/13271777/
伊豆諸島のお店,ブルーハワイガトウ,https://tabelog.com/tokyo/A1331/A133101/13272806/
伊豆諸島のお店,みはらし休息所,https://tabelog.com/tokyo/A1331/A133101/13114928/
伊豆諸島のお店,お食事処とみちゃん,https://tabelog.com/tokyo/A1331/A133101/13188994/
伊豆諸島のお店,ジェラテリア サンロクゴ,https://tabelog.com/tokyo/A1331/A133101/13216446/
伊豆諸島のお店,カフェ＆ダイナー アイラナ,https://tabelog.com/tokyo/A1331/A133101/13230705/
伊豆諸島のお店,シーダイブゲストハウス,https://tabelog.com/tokyo/A1331/A133101/13234084/
伊豆諸島のお店,カフェルームサン,https://tabelog.com/tokyo/A1331/A133101/13138459/
伊豆諸島のお店,市造,https://tabelog.com/tokyo/A1331/A133101/13273771/
伊豆諸島のお店,ほうらいや,https://tabelog.com/tokyo/A1331/A133101/13141886/
伊豆諸島のお店,めいららい,https://tabelog.com/tokyo/A1331/A133101/13272926/
伊豆諸島のお店,縁日,https://tabelog.com/tokyo/A1331/A133101/13281881/
伊豆諸島のお店,スマイル,https://tabelog.com/tokyo/A1331/A133101/13113721/
伊豆諸島のお店,癒楽 伊豆大島,https://tabelog.com/tokyo/A1331/A133101/13274131/
伊豆諸島のお店,ガールズ バー オンズ,https://tabelog.com/tokyo/A1331/A133101/13225542/
伊豆諸島のお店,しま←じま,https://tabelog.com/tokyo/A1331/A133101/13258845/
伊豆諸島のお店,海人,https://tabelog.com/tokyo/A1331/A133101/13147375/
伊豆諸島のお店,BAR&民宿 桶庄,https://tabelog.com/tokyo/A1331/A133101/13259770/
伊豆諸島のお店,民宿 ヤジー,https://tabelog.com/tokyo/A1331/A133101/13273309/
伊豆諸島のお店,タルタルーガ,https://tabelog.com/tokyo/A1331/A133101/13216712/
伊豆諸島のお店,いそざき,https://tabelog.com/tokyo/A1331/A133101/13272835/
伊豆諸島のお店,JA東京島しょ農業協同組合 利島店,https://tabelog.com/tokyo/A1331/A133101/13241319/
伊豆諸島のお店,ペンション TSUKUBA,https://tabelog.com/tokyo/A1331/A133101/13274159/
伊豆諸島のお店,らぁ麺 よりみち 伊豆大島,https://tabelog.com/tokyo/A1331/A133101/13240028/
伊豆諸島のお店,和風レストラン 海風シーウインズ,https://tabelog.com/tokyo/A1331/A133101/13039249/
伊豆諸島のお店,八丈島フィッシングCLUB,https://tabelog.com/tokyo/A1331/A133101/13216742/
伊豆諸島のお店,ASOVILUX,https://tabelog.com/tokyo/A1331/A133101/13274026/
伊豆諸島のお店,海のパン屋さん,https://tabelog.com/tokyo/A1331/A133101/13268822/
伊豆諸島のお店,ゲストハウス MITOMI,https://tabelog.com/tokyo/A1331/A133101/13270976/
伊豆諸島のお店,あおい荘,https://tabelog.com/tokyo/A1331/A133101/13273542/
伊豆諸島のお店,田代荘,https://tabelog.com/tokyo/A1331/A133101/13272913/
伊豆諸島のお店,ホルモン焼き 十十,https://tabelog.com/tokyo/A1331/A133101/13272944/
伊豆諸島のお店,なばな食堂,https://tabelog.com/tokyo/A1331/A133101/13272865/
伊豆諸島のお店,きらくや,https://tabelog.com/tokyo/A1331/A133101/13273388/
伊豆諸島のお店,三佳商店,https://tabelog.com/tokyo/A1331/A133101/13272647/
伊豆諸島のお店,旅館 公秀,https://tabelog.com/tokyo/A1331/A133101/13274001/
伊豆諸島のお店,新島グランドホテル,https://tabelog.com/tokyo/A1331/A133101/13273419/
伊豆諸島のお店,西山,https://tabelog.com/tokyo/A1331/A133101/13270544/
伊豆諸島のお店,mi-dolce,https://tabelog.com/tokyo/A1331/A133101/13284357/
伊豆諸島のお店,船見荘,https://tabelog.com/tokyo/A1331/A133101/13205760/
伊豆諸島のお店,喫茶酒場 なべきち,https://tabelog.com/tokyo/A1331/A133101/13280847/
伊豆諸島のお店,浜源,https://tabelog.com/tokyo/A1331/A133101/13141881/
伊豆諸島のお店,フレンドハウス,https://tabelog.com/tokyo/A1331/A133101/13218172/
伊豆諸島のお店,清水屋,https://tabelog.com/tokyo/A1331/A133101/13271814/
伊豆諸島のお店,タデー,https://tabelog.com/tokyo/A1331/A133101/13273368/
伊豆諸島のお店,進八屋,https://tabelog.com/tokyo/A1331/A133101/13265435/
伊豆諸島のお店,フリージアまつり,https://tabelog.com/tokyo/A1331/A133101/13166678/
伊豆諸島のお店,菊乃屋,https://tabelog.com/tokyo/A1331/A133101/13272017/
伊豆諸島のお店,Hachijo VIEW HOTEL,https://tabelog.com/tokyo/A1331/A133101/13093540/
伊豆諸島のお店,成田屋食堂,https://tabelog.com/tokyo/A1331/A133101/13272862/
伊豆諸島のお店,大島コロッケ,https://tabelog.com/tokyo/A1331/A133101/13268456/
伊豆諸島のお店,おじゃれ杉の沢,https://tabelog.com/tokyo/A1331/A133101/13157927/
伊豆諸島のお店,石白荘,https://tabelog.com/tokyo/A1331/A133101/13271774/
伊豆諸島のお店,サバサンドカフェ,https://tabelog.com/tokyo/A1331/A133101/13246381/
伊豆諸島のお店,大島温泉ホテル 売店,https://tabelog.com/tokyo/A1331/A133101/13218173/
伊豆諸島のお店,メルシー,https://tabelog.com/tokyo/A1331/A133101/13218185/
伊豆諸島のお店,GIZMO,https://tabelog.com/tokyo/A1331/A133101/13252307/
伊豆諸島のお店,あいがえスタンド,https://tabelog.com/tokyo/A1331/A133101/13272771/
伊豆諸島のお店,清漁水産,https://tabelog.com/tokyo/A1331/A133101/13144379/
伊豆諸島のお店,石井商店,https://tabelog.com/tokyo/A1331/A133101/13272779/
伊豆諸島のお店,フレッシュライフSHINYA,https://tabelog.com/tokyo/A1331/A133101/13271739/
伊豆諸島のお店,築穴商店,https://tabelog.com/tokyo/A1331/A133101/13272793/
伊豆諸島のお店,寛栄丸,https://tabelog.com/tokyo/A1331/A133101/13273400/
伊豆諸島のお店,聡福,https://tabelog.com/tokyo/A1331/A133101/13280920/
伊豆諸島のお店,麻,https://tabelog.com/tokyo/A1331/A133101/13141900/
伊豆諸島のお店,ペンション いち･まる･いち,https://tabelog.com/tokyo/A1331/A133101/13274042/
伊豆諸島のお店,やまがた,https://tabelog.com/tokyo/A1331/A133101/13145465/
伊豆諸島のお店,新島飛行場内喫茶店,https://tabelog.com/tokyo/A1331/A133101/13157414/
伊豆諸島のお店,中華そば すする,https://tabelog.com/tokyo/A1331/A133101/13236947/
伊豆諸島のお店,みかさ,https://tabelog.com/tokyo/A1331/A133101/13283590/
伊豆諸島のお店,信濃庵,https://tabelog.com/tokyo/A1331/A133101/13158207/
伊豆諸島のお店,英凛,https://tabelog.com/tokyo/A1331/A133101/13186728/
伊豆諸島のお店,食処もとまちや,https://tabelog.com/tokyo/A1331/A133101/13224205/
伊豆諸島のお店,山じゅう,https://tabelog.com/tokyo/A1331/A133101/13271110/
伊豆諸島のお店,カネモ商店,https://tabelog.com/tokyo/A1331/A133101/13240165/
伊豆諸島のお店,居酒屋かず,https://tabelog.com/tokyo/A1331/A133101/13221314/
伊豆諸島のお店,八丈島パークホテル,https://tabelog.com/tokyo/A1331/A133101/13164749/
伊豆諸島のお店,Banshakuya Saji,https://tabelog.com/tokyo/A1331/A133101/13195385/
伊豆諸島のお店,洋食キッチン らイヴ,https://tabelog.com/tokyo/A1331/A133101/13272935/
伊豆諸島のお店,恵比寿屋,https://tabelog.com/tokyo/A1331/A133101/13218188/
伊豆諸島のお店,居酒屋東美,https://tabelog.com/tokyo/A1331/A133101/13157928/
伊豆諸島のお店,丸久食堂,https://tabelog.com/tokyo/A1331/A133101/13236745/
伊豆諸島のお店,三年目は倦怠期,https://tabelog.com/tokyo/A1331/A133101/13272770/
伊豆諸島のお店,三宅島 共栄荘,https://tabelog.com/tokyo/A1331/A133101/13197718/
伊豆諸島のお店,式根島温泉 憩いの家,https://tabelog.com/tokyo/A1331/A133101/13233286/
伊豆諸島のお店,リターノ,https://tabelog.com/tokyo/A1331/A133101/13127729/
伊豆諸島のお店,大吉丸,https://tabelog.com/tokyo/A1331/A133101/13237315/
伊豆諸島のお店,ロッジ･オーシャン,https://tabelog.com/tokyo/A1331/A133101/13273541/
伊豆諸島のお店,ブルーマーリン,https://tabelog.com/tokyo/A1331/A133101/13143389/
伊豆諸島のお店,波浮,https://tabelog.com/tokyo/A1331/A133101/13271927/
伊豆諸島のお店,みんなの別荘 ファミリア,https://tabelog.com/tokyo/A1331/A133101/13273810/
伊豆諸島のお店,大島グランド,https://tabelog.com/tokyo/A1331/A133101/13274015/
伊豆諸島のお店,交楽荘,https://tabelog.com/tokyo/A1331/A133101/13274007/
伊豆諸島のお店,飛龍館,https://tabelog.com/tokyo/A1331/A133101/13129788/
伊豆諸島のお店,いきいきおさかなセンター,https://tabelog.com/tokyo/A1331/A133101/13171467/
伊豆諸島のお店,Cafe Camellia,https://tabelog.com/tokyo/A1331/A133101/13272964/
伊豆諸島のお店,一休の店,https://tabelog.com/tokyo/A1331/A133101/13277162/
伊豆諸島のお店,新島ストアー,https://tabelog.com/tokyo/A1331/A133101/13272645/
伊豆諸島のお店,洋菓子のUMEYA,https://tabelog.com/tokyo/A1331/A133101/13273806/
伊豆諸島のお店,あべもり,https://tabelog.com/tokyo/A1331/A133101/13253417/
伊豆諸島のお店,釣宿 やなせ,https://tabelog.com/tokyo/A1331/A133101/13273367/
伊豆諸島のお店,はせがわ,https://tabelog.com/tokyo/A1331/A133101/13265436/
伊豆諸島のお店,エレガンス,https://tabelog.com/tokyo/A1331/A133101/13273434/
伊豆諸島のお店,焼肉 三年目の浮気,https://tabelog.com/tokyo/A1331/A133101/13186026/
伊豆諸島のお店,大沼モータース,https://tabelog.com/tokyo/A1331/A133101/13273422/
伊豆諸島のお店,三宅島バーディ,https://tabelog.com/tokyo/A1331/A133101/13274153/
伊豆諸島のお店,中華料理 一平,https://tabelog.com/tokyo/A1331/A133101/13157444/
伊豆諸島のお店,酒池肉林,https://tabelog.com/tokyo/A1331/A133101/13269398/
伊豆諸島のお店,マシオ Cafe & Restaurant,https://tabelog.com/tokyo/A1331/A133101/13093539/
伊豆諸島のお店,JOY,https://tabelog.com/tokyo/A1331/A133101/13273557/
伊豆諸島のお店,Hostel NABLA,https://tabelog.com/tokyo/A1331/A133101/13273393/
伊豆諸島のお店,シーピロス,https://tabelog.com/tokyo/A1331/A133101/13148896/
伊豆諸島のお店,港の食堂 びすとろ う・と,https://tabelog.com/tokyo/A1331/A133101/13246237/
伊豆諸島のお店,ホテル神津館,https://tabelog.com/tokyo/A1331/A133101/13193947/
伊豆諸島のお店,島の宿 SNAPPER,https://tabelog.com/tokyo/A1331/A133101/13274160/
伊豆諸島のお店,あたご丸,https://tabelog.com/tokyo/A1331/A133101/13133895/
伊豆諸島のお店,民宿 友,https://tabelog.com/tokyo/A1331/A133101/13274044/
伊豆諸島のお店,パームビーチ,https://tabelog.com/tokyo/A1331/A133101/13274053/
伊豆諸島のお店,民宿 松浦,https://tabelog.com/tokyo/A1331/A133101/13273716/
伊豆諸島のお店,民宿 しんじ,https://tabelog.com/tokyo/A1331/A133101/13273782/
伊豆諸島のお店,創彩島割烹 粋や,https://tabelog.com/tokyo/A1331/A133101/13238474/
伊豆諸島のお店,かおり荘,https://tabelog.com/tokyo/A1331/A133101/13270547/
伊豆諸島のお店,サーフ ステーション ハブシ,https://tabelog.com/tokyo/A1331/A133101/13143014/
伊豆諸島のお店,民宿 三喜,https://tabelog.com/tokyo/A1331/A133101/13258923/
伊豆諸島のお店,西川商店,https://tabelog.com/tokyo/A1331/A133101/13270879/
伊豆諸島のお店,みどり荘,https://tabelog.com/tokyo/A1331/A133101/13272821/
伊豆諸島のお店,Hotel MOANA,https://tabelog.com/tokyo/A1331/A133101/13284284/
伊豆諸島のお店,Bar Futaba,https://tabelog.com/tokyo/A1331/A133101/13258612/
伊豆諸島のお店,浜のかあちゃんめし,https://tabelog.com/tokyo/A1331/A133101/13228024/
伊豆諸島のお店,あしたば荘,https://tabelog.com/tokyo/A1331/A133101/13172496/
伊豆諸島のお店,川徳旅館,https://tabelog.com/tokyo/A1331/A133101/13276966/
伊豆諸島のお店,一本松食堂,https://tabelog.com/tokyo/A1331/A133101/13271406/
伊豆諸島のお店,民宿 いけ吉,https://tabelog.com/tokyo/A1331/A133101/13274174/
伊豆諸島のお店,居酒屋　きはち,https://tabelog.com/tokyo/A1331/A133101/13141870/
伊豆諸島のお店,丸一商店,https://tabelog.com/tokyo/A1331/A133101/13270919/
伊豆諸島のお店,まつり,https://tabelog.com/tokyo/A1331/A133101/13252312/
伊豆諸島のお店,満天望,https://tabelog.com/tokyo/A1331/A133101/13164748/
伊豆諸島のお店,宝来軒,https://tabelog.com/tokyo/A1331/A133101/13159329/
伊豆諸島のお店,大松,https://tabelog.com/tokyo/A1331/A133101/13273724/
伊豆諸島のお店,あおがしま屋,https://tabelog.com/tokyo/A1331/A133101/13155579/
伊豆諸島のお店,民宿 自由ヶ丘,https://tabelog.com/tokyo/A1331/A133101/13273366/
伊豆諸島のお店,亀吉大屋,https://tabelog.com/tokyo/A1331/A133101/13273060/
伊豆諸島のお店,青ヶ島酒造,https://tabelog.com/tokyo/A1331/A133101/13216996/
伊豆諸島のお店,村営ふれあい広場 バンガロー施設,https://tabelog.com/tokyo/A1331/A133101/13270930/
伊豆諸島のお店,浜の家Cafe,https://tabelog.com/tokyo/A1331/A133101/13272070/
伊豆諸島のお店,ビジネス宿 中里,https://tabelog.com/tokyo/A1331/A133101/13145374/
伊豆諸島のお店,前忠商店,https://tabelog.com/tokyo/A1331/A133101/13273440/
伊豆諸島のお店,たいむ,https://tabelog.com/tokyo/A1331/A133101/13159267/
伊豆諸島のお店,空と風 くーあんど･ふー2,https://tabelog.com/tokyo/A1331/A133101/13274126/
伊豆諸島のお店,ブランブルー和,https://tabelog.com/tokyo/A1331/A133101/13093538/
伊豆諸島のお店,ブッティーベッド イズオオシマ,https://tabelog.com/tokyo/A1331/A133101/13226544/
伊豆諸島のお店,たいよう,https://tabelog.com/tokyo/A1331/A133101/13171483/
伊豆諸島のお店,中濱,https://tabelog.com/tokyo/A1331/A133101/13163031/
伊豆諸島のお店,アニーメイト,https://tabelog.com/tokyo/A1331/A133101/13273452/
伊豆諸島のお店,プラザ,https://tabelog.com/tokyo/A1331/A133101/13061044/
伊豆諸島のお店,Tio,https://tabelog.com/tokyo/A1331/A133101/13186561/
伊豆諸島のお店,ふもと屋,https://tabelog.com/tokyo/A1331/A133101/13272053/
伊豆諸島のお店,久福茶屋,https://tabelog.com/tokyo/A1331/A133101/13217014/
伊豆諸島のお店,新鼻荘,https://tabelog.com/tokyo/A1331/A133101/13252322/
伊豆諸島のお店,とうべえ,https://tabelog.com/tokyo/A1331/A133101/13271780/
伊豆諸島のお店,レストラン　コックさん,https://tabelog.com/tokyo/A1331/A133101/13141884/
伊豆諸島のお店,民宿 三佳,https://tabelog.com/tokyo/A1331/A133101/13274006/
伊豆諸島のお店,Toimu,https://tabelog.com/tokyo/A1331/A133101/13273382/
伊豆諸島のお店,八千代荘,https://tabelog.com/tokyo/A1331/A133101/13274043/
伊豆諸島のお店,KOIZUMI,https://tabelog.com/tokyo/A1331/A133101/13274040/
伊豆諸島のお店,スナック リリィー,https://tabelog.com/tokyo/A1331/A133101/13272850/
伊豆諸島のお店,潮見寿司,https://tabelog.com/tokyo/A1331/A133101/13135528/
伊豆諸島のお店,旅館 徳左,https://tabelog.com/tokyo/A1331/A133101/13258908/
伊豆諸島のお店,restaurant&bar waka,https://tabelog.com/tokyo/A1331/A133101/13276574/
伊豆諸島のお店,鉄砲場,https://tabelog.com/tokyo/A1331/A133101/13270928/
伊豆諸島のお店,癒香 大里店,https://tabelog.com/tokyo/A1331/A133101/13246216/
伊豆諸島のお店,久福茶屋,https://tabelog.com/tokyo/A1331/A133101/13277501/
伊豆諸島のお店,WINE-ISLAND 風待,https://tabelog.com/tokyo/A1331/A133101/13261204/
伊豆諸島のお店,マツミ荘,https://tabelog.com/tokyo/A1331/A133101/13183441/
伊豆諸島のお店,マリンプラザ ワイズドリーム,https://tabelog.com/tokyo/A1331/A133101/13237352/
伊豆諸島のお店,押し花,https://tabelog.com/tokyo/A1331/A133101/13252311/
伊豆諸島のお店,アサギク,https://tabelog.com/tokyo/A1331/A133101/13273531/
伊豆諸島のお店,島宿 浜の家,https://tabelog.com/tokyo/A1331/A133101/13273886/
伊豆諸島のお店,八島,https://tabelog.com/tokyo/A1331/A133101/13141387/
伊豆諸島のお店,吉多屋,https://tabelog.com/tokyo/A1331/A133101/13270539/
伊豆諸島のお店,アンジェリカ,https://tabelog.com/tokyo/A1331/A133101/13272868/
伊豆諸島のお店,肴や,https://tabelog.com/tokyo/A1331/A133101/13117568/
伊豆諸島のお店,吉野屋旅館,https://tabelog.com/tokyo/A1331/A133101/13271795/
伊豆諸島のお店,梅田荘,https://tabelog.com/tokyo/A1331/A133101/13273783/
伊豆諸島のお店,津山,https://tabelog.com/tokyo/A1331/A133101/13271846/
伊豆諸島のお店,下田屋,https://tabelog.com/tokyo/A1331/A133101/13271818/
伊豆諸島のお店,三宅ハート会,https://tabelog.com/tokyo/A1331/A133101/13277161/
伊豆諸島のお店,プチホテル あいらんど,https://tabelog.com/tokyo/A1331/A133101/13265492/
伊豆諸島のお店,山下旅館 本館,https://tabelog.com/tokyo/A1331/A133101/13273757/
伊豆諸島のお店,カノン,https://tabelog.com/tokyo/A1331/A133101/13126565/
伊豆諸島のお店,民宿 杉の沢,https://tabelog.com/tokyo/A1331/A133101/13272149/
伊豆諸島のお店,民宿 伊波荘,https://tabelog.com/tokyo/A1331/A133101/13274175/
伊豆諸島のお店,瑚庵,https://tabelog.com/tokyo/A1331/A133101/13141877/
伊豆諸島のお店,わげえ,https://tabelog.com/tokyo/A1331/A133101/13272849/
伊豆諸島のお店,民宿 吉兼,https://tabelog.com/tokyo/A1331/A133101/13274167/
伊豆諸島のお店,年間民宿 植林,https://tabelog.com/tokyo/A1331/A133101/13245316/
伊豆諸島のお店,居酒屋 龍水,https://tabelog.com/tokyo/A1331/A133101/13272801/
伊豆諸島のお店,やましたのおやど,https://tabelog.com/tokyo/A1331/A133101/13164746/
伊豆諸島のお店,光邦食堂,https://tabelog.com/tokyo/A1331/A133101/13272837/
伊豆諸島のお店,すずらん,https://tabelog.com/tokyo/A1331/A133101/13272797/
伊豆諸島のお店,ZERO,https://tabelog.com/tokyo/A1331/A133101/13272703/
伊豆諸島のお店,八丈エアポート逸品会,https://tabelog.com/tokyo/A1331/A133101/13202189/
伊豆諸島のお店,長戸路旅館,https://tabelog.com/tokyo/A1331/A133101/13272845/
伊豆諸島のお店,高松せんべい,https://tabelog.com/tokyo/A1331/A133101/13273653/
伊豆諸島のお店,温泉民宿 大陣,https://tabelog.com/tokyo/A1331/A133101/13177024/
伊豆諸島のお店,MUSIC&DINER 中之郷 CHILL,https://tabelog.com/tokyo/A1331/A133101/13277463/
伊豆諸島のお店,ふれあい民宿 椿山,https://tabelog.com/tokyo/A1331/A133101/13203316/
伊豆諸島のお店,島人,https://tabelog.com/tokyo/A1331/A133101/13252308/
伊豆諸島のお店,島宿 わたなべ,https://tabelog.com/tokyo/A1331/A133101/13254821/
伊豆諸島のお店,蘭,https://tabelog.com/tokyo/A1331/A133101/13272838/
伊豆諸島のお店,新島 民宿 本与,https://tabelog.com/tokyo/A1331/A133101/13273383/
伊豆諸島のお店,旅館秀蒼,https://tabelog.com/tokyo/A1331/A133101/13150474/
伊豆諸島のお店,赤崎売店,https://tabelog.com/tokyo/A1331/A133101/13274640/
伊豆諸島のお店,Bar R,https://tabelog.com/tokyo/A1331/A133101/13113861/
伊豆諸島のお店,民宿 岩本,https://tabelog.com/tokyo/A1331/A133101/13273395/
伊豆諸島のお店,三年目J Soul Brothers 伊豆大島店,https://tabelog.com/tokyo/A1331/A133101/13272954/
伊豆諸島のお店,中村屋,https://tabelog.com/tokyo/A1331/A133101/13271845/
伊豆諸島のお店,紅谷,https://tabelog.com/tokyo/A1331/A133101/13142993/
伊豆諸島のお店,ペンション新島,https://tabelog.com/tokyo/A1331/A133101/13273059/
伊豆諸島のお店,イーストサイド茶屋,https://tabelog.com/tokyo/A1331/A133101/13141906/
伊豆諸島のお店,どさん子 新島店,https://tabelog.com/tokyo/A1331/A133101/13061046/
伊豆諸島のお店,民宿 みなと,https://tabelog.com/tokyo/A1331/A133101/13274154/
伊豆諸島のお店,八丈ストア ミニミニ店,https://tabelog.com/tokyo/A1331/A133101/13164744/
伊豆諸島のお店,よそうべえ,https://tabelog.com/tokyo/A1331/A133101/13273784/
伊豆諸島のお店,36CAFE,https://tabelog.com/tokyo/A1331/A133101/13259420/
伊豆諸島のお店,山長,https://tabelog.com/tokyo/A1331/A133101/13252309/
伊豆諸島のお店,ZINGARO,https://tabelog.com/tokyo/A1331/A133101/13272952/
伊豆諸島のお店,でこでこ,https://tabelog.com/tokyo/A1331/A133101/13162999/
伊豆諸島のお店,民宿 しんき,https://tabelog.com/tokyo/A1331/A133101/13233296/
伊豆諸島のお店,山文商店,https://tabelog.com/tokyo/A1331/A133101/13273439/
伊豆諸島のお店,ピザよし,https://tabelog.com/tokyo/A1331/A133101/13246219/
伊豆諸島のお店,オーシャンクラブ ナンバー3,https://tabelog.com/tokyo/A1331/A133101/13274176/
伊豆諸島のお店,GREEN HOTEL TAKATA,https://tabelog.com/tokyo/A1331/A133101/13274129/
伊豆諸島のお店,カシェート,https://tabelog.com/tokyo/A1331/A133101/13160836/
伊豆諸島のお店,勘九郎,https://tabelog.com/tokyo/A1331/A133101/13273768/
伊豆諸島のお店,八丈ビジターセンター,https://tabelog.com/tokyo/A1331/A133101/13159268/
伊豆諸島のお店,Deep in モロミド,https://tabelog.com/tokyo/A1331/A133101/13274156/
伊豆諸島のお店,ファニー,https://tabelog.com/tokyo/A1331/A133101/13272055/
伊豆諸島のお店,ミストラル,https://tabelog.com/tokyo/A1331/A133101/13273728/
伊豆諸島のお店,マルイワいわとし,https://tabelog.com/tokyo/A1331/A133101/13260097/
伊豆諸島のお店,スナック 葵,https://tabelog.com/tokyo/A1331/A133101/13272955/
伊豆諸島のお店,ホテル赤門,https://tabelog.com/tokyo/A1331/A133101/13133896/
伊豆諸島のお店,高林商店 カフェ,https://tabelog.com/tokyo/A1331/A133101/13259626/
伊豆諸島のお店,カフェ のら,https://tabelog.com/tokyo/A1331/A133101/13255814/
伊豆諸島のお店,八丈民芸やました,https://tabelog.com/tokyo/A1331/A133101/13157442/
伊豆諸島のお店,焼鳥 よっちゃん,https://tabelog.com/tokyo/A1331/A133101/13246095/
伊豆諸島のお店,ふみ,https://tabelog.com/tokyo/A1331/A133101/13272934/
伊豆諸島のお店,ティアーズブルーオープンカフェ,https://tabelog.com/tokyo/A1331/A133101/13199276/
伊豆諸島のお店,麺'sCLUB 酒池肉林,https://tabelog.com/tokyo/A1331/A133101/13271265/
伊豆諸島のお店,ラーメン とんとん,https://tabelog.com/tokyo/A1331/A133101/13110254/
伊豆諸島のお店,中村商店,https://tabelog.com/tokyo/A1331/A133101/13270527/
伊豆諸島のお店,旅館 大野屋,https://tabelog.com/tokyo/A1331/A133101/13273095/
伊豆諸島のお店,民宿 まつよし,https://tabelog.com/tokyo/A1331/A133101/13273887/
伊豆諸島のお店,新島村温泉ロッジ,https://tabelog.com/tokyo/A1331/A133101/13273394/
伊豆諸島のお店,えびす屋,https://tabelog.com/tokyo/A1331/A133101/13273402/
﻿伊豆諸島のお店,寿美礼丸,https://tabelog.com/tokyo/A1331/A133101/13272161/
伊豆諸島のお店,Big Island Base,https://tabelog.com/tokyo/A1331/A133101/13274110/
伊豆諸島のお店,さむかわ食賓館,https://tabelog.com/tokyo/A1331/A133101/13205859/
伊豆諸島のお店,オレンジハウス バロン,https://tabelog.com/tokyo/A1331/A133101/13252324/
伊豆諸島のお店,黒潮商会,https://tabelog.com/tokyo/A1331/A133101/13275348/
伊豆諸島のお店,八丈服部屋敷,https://tabelog.com/tokyo/A1331/A133101/13141905/
伊豆諸島のお店,おふくろさん,https://tabelog.com/tokyo/A1331/A133101/13212635/
伊豆諸島のお店,マリンハウス CHOZA,https://tabelog.com/tokyo/A1331/A133101/13272169/
伊豆諸島のお店,シャルムハウス,https://tabelog.com/tokyo/A1331/A133101/13272846/
伊豆諸島のお店,ワイルル,https://tabelog.com/tokyo/A1331/A133101/13164747/
伊豆諸島のお店,創作串焼 JIN,https://tabelog.com/tokyo/A1331/A133101/13265152/
伊豆諸島のお店,とりてつ,https://tabelog.com/tokyo/A1331/A133101/13246093/
伊豆諸島のお店,食堂 HARU,https://tabelog.com/tokyo/A1331/A133101/13271801/
伊豆諸島のお店,焼肉 三年目の浮気 伊豆大島店,https://tabelog.com/tokyo/A1331/A133101/13274972/
伊豆諸島のお店,凪グランピング,https://tabelog.com/tokyo/A1331/A133101/13255767/
伊豆諸島のお店,Bulblue cafe stand,https://tabelog.com/tokyo/A1331/A133101/13272712/
伊豆諸島のお店,ＡＱＵＡ,https://tabelog.com/tokyo/A1331/A133101/13154256/
伊豆諸島のお店,ゆうこ,https://tabelog.com/tokyo/A1331/A133101/13273654/
伊豆諸島のお店,やしま荘,https://tabelog.com/tokyo/A1331/A133101/13273547/
伊豆諸島のお店,池村製菓,https://tabelog.com/tokyo/A1331/A133101/13097638/
伊豆諸島のお店,三年目 J-Soul Brothers,https://tabelog.com/tokyo/A1331/A133101/13261728/
伊豆諸島のお店,大将,https://tabelog.com/tokyo/A1331/A133101/13205865/
伊豆諸島のお店,島cafe 963,https://tabelog.com/tokyo/A1331/A133101/13211504/
伊豆諸島のお店,いさば家,https://tabelog.com/tokyo/A1331/A133101/13239762/
伊豆諸島のお店,割烹 市松,https://tabelog.com/tokyo/A1331/A133101/13246249/
伊豆諸島のお店,いざなみ,https://tabelog.com/tokyo/A1331/A133101/13257877/
伊豆諸島のお店,G2 cafe ,https://tabelog.com/tokyo/A1331/A133101/13272309/
伊豆諸島のお店,ペンション 花海月,https://tabelog.com/tokyo/A1331/A133101/13274169/
伊豆諸島のお店,京ちゃん,https://tabelog.com/tokyo/A1331/A133101/13171427/
伊豆諸島のお店,ヤマノベ旅館,https://tabelog.com/tokyo/A1331/A133101/13274152/
伊豆諸島のお店,オアシス,https://tabelog.com/tokyo/A1331/A133101/13149000/
伊豆諸島のお店,ねことまちあわせ,https://tabelog.com/tokyo/A1331/A133101/13275794/
伊豆諸島のお店,えすあーる,https://tabelog.com/tokyo/A1331/A133101/13157440/
伊豆諸島のお店,パブスナック 夕子,https://tabelog.com/tokyo/A1331/A133101/13272152/
伊豆諸島のお店,Banshakuya Saji,https://tabelog.com/tokyo/A1331/A133101/13272895/
伊豆諸島のお店,ショッピングセンター べにや,https://tabelog.com/tokyo/A1331/A133101/13282967/
伊豆諸島のお店,丸五商店,https://tabelog.com/tokyo/A1331/A133101/13272633/
伊豆諸島のお店,ひだぶん,https://tabelog.com/tokyo/A1331/A133101/13254820/
伊豆諸島のお店,いずみのいえ,https://tabelog.com/tokyo/A1331/A133101/13274014/
伊豆諸島のお店,しゃぼん玉,https://tabelog.com/tokyo/A1331/A133101/13262331/
伊豆諸島のお店,有限会社土屋食品,https://tabelog.com/tokyo/A1331/A133101/13159498/
伊豆諸島のお店,岡太楼本舗,https://tabelog.com/tokyo/A1331/A133101/13135749/
伊豆諸島のお店,和み処 サンシャイン,https://tabelog.com/tokyo/A1331/A133101/13201050/
伊豆諸島のお店,もろこや,https://tabelog.com/tokyo/A1331/A133101/13273546/
伊豆諸島のお店,音の葉,https://tabelog.com/tokyo/A1331/A133101/13225284/
伊豆諸島のお店,熟成魚寿司BAR,https://tabelog.com/tokyo/A1331/A133101/13272065/
伊豆諸島のお店,あしたばの里 卯月,https://tabelog.com/tokyo/A1331/A133101/13239809/
伊豆諸島のお店,民宿 さごでえ,https://tabelog.com/tokyo/A1331/A133101/13271808/
伊豆諸島のお店,げんろく,https://tabelog.com/tokyo/A1331/A133101/13233254/
伊豆諸島のお店,あおば,https://tabelog.com/tokyo/A1331/A133101/13272828/
伊豆諸島のお店,だいじんこ,https://tabelog.com/tokyo/A1331/A133101/13061051/
伊豆諸島のお店,ハウスタンポポ,https://tabelog.com/tokyo/A1331/A133101/13273492/
伊豆諸島のお店,さぶちゃん,https://tabelog.com/tokyo/A1331/A133101/13126810/
伊豆諸島のお店,島の煎餅,https://tabelog.com/tokyo/A1331/A133101/13133612/
伊豆諸島のお店,民宿 寺田屋,https://tabelog.com/tokyo/A1331/A133101/13239893/
伊豆諸島のお店,十一屋酒店,https://tabelog.com/tokyo/A1331/A133101/13216951/
伊豆諸島のお店,式根島観光協会,https://tabelog.com/tokyo/A1331/A133101/13271772/
伊豆諸島のお店,菓子工房 イチミネ 岡田港前,https://tabelog.com/tokyo/A1331/A133101/13192581/
伊豆諸島のお店,ゲストハウス スズミ,https://tabelog.com/tokyo/A1331/A133101/13252317/
伊豆諸島のお店,れすとらん錆崎,https://tabelog.com/tokyo/A1331/A133101/13199226/
伊豆諸島のお店,ココソラ,https://tabelog.com/tokyo/A1331/A133101/13270887/
伊豆諸島のお店,民宿 すずらん,https://tabelog.com/tokyo/A1331/A133101/13274161/
伊豆諸島のお店,スーパーまるはん,https://tabelog.com/tokyo/A1331/A133101/13209718/
伊豆諸島のお店,鮨 陽宝丸,https://tabelog.com/tokyo/A1331/A133101/13275409/
伊豆諸島のお店,マンダリンアイランドホテル,https://tabelog.com/tokyo/A1331/A133101/13274121/
伊豆諸島のお店,民宿 高月,https://tabelog.com/tokyo/A1331/A133101/13274113/
伊豆諸島のお店,製菓やたけ,https://tabelog.com/tokyo/A1331/A133101/13186189/
伊豆諸島のお店,柳家荘,https://tabelog.com/tokyo/A1331/A133101/13273533/
伊豆諸島のお店,ホテル白岩,https://tabelog.com/tokyo/A1331/A133101/13118399/
伊豆諸島のお店,民宿 沖,https://tabelog.com/tokyo/A1331/A133101/13273396/
伊豆諸島のお店,あさぬま商店,https://tabelog.com/tokyo/A1331/A133101/13270407/
伊豆諸島のお店,金太楼本舗,https://tabelog.com/tokyo/A1331/A133101/13258997/
伊豆諸島のお店,椿荘,https://tabelog.com/tokyo/A1331/A133101/13273545/
伊豆諸島のお店,Campo,https://tabelog.com/tokyo/A1331/A133101/13237579/
伊豆諸島のお店,名月苑,https://tabelog.com/tokyo/A1331/A133101/13272780/
伊豆諸島のお店,もろみや,https://tabelog.com/tokyo/A1331/A133101/13248629/
伊豆諸島のお店,民宿 かねに荘,https://tabelog.com/tokyo/A1331/A133101/13233297/
伊豆諸島のお店,平野食堂,https://tabelog.com/tokyo/A1331/A133101/13134172/
伊豆諸島のお店,元気くにまつ,https://tabelog.com/tokyo/A1331/A133101/13141907/
伊豆諸島のお店,和田屋,https://tabelog.com/tokyo/A1331/A133101/13227843/
伊豆諸島のお店,御蔵荘,https://tabelog.com/tokyo/A1331/A133101/13252320/
伊豆諸島のお店,すばる,https://tabelog.com/tokyo/A1331/A133101/13152593/
伊豆諸島のお店,大島ストア,https://tabelog.com/tokyo/A1331/A133101/13282968/
伊豆諸島のお店,スナック オレンジ,https://tabelog.com/tokyo/A1331/A133101/13270510/
伊豆諸島のお店,竹馬,https://tabelog.com/tokyo/A1331/A133101/13175395/
伊豆諸島のお店,佐助,https://tabelog.com/tokyo/A1331/A133101/13271655/
伊豆諸島のお店,モリヤマ,https://tabelog.com/tokyo/A1331/A133101/13270550/
伊豆諸島のお店,宮房商店,https://tabelog.com/tokyo/A1331/A133101/13239785/
伊豆諸島のお店,菊孫商店,https://tabelog.com/tokyo/A1331/A133101/13220704/
伊豆諸島のお店,厚生館,https://tabelog.com/tokyo/A1331/A133101/13269892/
伊豆諸島のお店,ペンション ココナッツガーデン,https://tabelog.com/tokyo/A1331/A133101/13274170/
伊豆諸島のお店,yum yum,https://tabelog.com/tokyo/A1331/A133101/13272804/
伊豆諸島のお店,ちょい飲み処 六本木,https://tabelog.com/tokyo/A1331/A133101/13258752/
伊豆諸島のお店,あさみ,https://tabelog.com/tokyo/A1331/A133101/13145438/
伊豆諸島のお店,わかな,https://tabelog.com/tokyo/A1331/A133101/13164745/
伊豆諸島のお店,山田屋,https://tabelog.com/tokyo/A1331/A133101/13185874/
伊豆諸島のお店,こころ,https://tabelog.com/tokyo/A1331/A133101/13061048/
伊豆諸島のお店,あんこ親爺の店,https://tabelog.com/tokyo/A1331/A133101/13143009/
伊豆諸島のお店,ホテル 奥源,https://tabelog.com/tokyo/A1331/A133101/13274045/
伊豆諸島のお店,きろく,https://tabelog.com/tokyo/A1331/A133101/13271781/
伊豆諸島のお店,おくやま荘,https://tabelog.com/tokyo/A1331/A133101/13274025/
伊豆諸島のお店,健寿司,https://tabelog.com/tokyo/A1331/A133101/13223944/
伊豆諸島のお店,ふじや,https://tabelog.com/tokyo/A1331/A133101/13273378/
伊豆諸島のお店,上のあいらな,https://tabelog.com/tokyo/A1331/A133101/13272145/
伊豆諸島のお店,中豊商店,https://tabelog.com/tokyo/A1331/A133101/13272141/
伊豆諸島のお店,式根館,https://tabelog.com/tokyo/A1331/A133101/13271793/
伊豆諸島のお店,テイクアウトのお店 海のキッチン,https://tabelog.com/tokyo/A1331/A133101/13252314/
伊豆諸島のお店,おうちカフェ なないろ,https://tabelog.com/tokyo/A1331/A133101/13276102/
伊豆諸島のお店,治五平,https://tabelog.com/tokyo/A1331/A133101/13273414/
伊豆諸島のお店,吉田屋,https://tabelog.com/tokyo/A1331/A133101/13147376/
伊豆諸島のお店,中村商店,https://tabelog.com/tokyo/A1331/A133101/13264410/
伊豆諸島のお店,恵美寿,https://tabelog.com/tokyo/A1331/A133101/13271810/
伊豆諸島のお店,どさん娘,https://tabelog.com/tokyo/A1331/A133101/13158178/
伊豆諸島のお店,かんいち旅館,https://tabelog.com/tokyo/A1331/A133101/13230394/
伊豆諸島のお店,かどや旅館,https://tabelog.com/tokyo/A1331/A133101/13273425/
伊豆諸島のお店,どんぐり,https://tabelog.com/tokyo/A1331/A133101/13171380/
伊豆諸島のお店,上山,https://tabelog.com/tokyo/A1331/A133101/13061049/
伊豆諸島のお店,cafe691,https://tabelog.com/tokyo/A1331/A133101/13151374/
伊豆諸島のお店,遊,https://tabelog.com/tokyo/A1331/A133101/13061053/
伊豆諸島のお店,居酒屋むらた,https://tabelog.com/tokyo/A1331/A133101/13141914/
伊豆諸島のお店,minatoにぎわいマーケット,https://tabelog.com/tokyo/A1331/A133101/13284363/
伊豆諸島のお店,コーヒーハウス LL,https://tabelog.com/tokyo/A1331/A133101/13272692/
伊豆諸島のお店,Green Tights Coffee,https://tabelog.com/tokyo/A1331/A133101/13274629/
伊豆諸島のお店,いのうえみやげ店,https://tabelog.com/tokyo/A1331/A133101/13238058/
伊豆諸島のお店,おくやま,https://tabelog.com/tokyo/A1331/A133101/13195535/
伊豆諸島のお店,民宿かねやま,https://tabelog.com/tokyo/A1331/A133101/13234661/
伊豆諸島のお店,民宿 のら,https://tabelog.com/tokyo/A1331/A133101/13273718/
伊豆諸島のお店,居酒屋のっぺり,https://tabelog.com/tokyo/A1331/A133101/13199835/
伊豆諸島のお店,良作丸,https://tabelog.com/tokyo/A1331/A133101/13274046/
伊豆諸島のお店,七転び八起き,https://tabelog.com/tokyo/A1331/A133101/13273595/
伊豆諸島のお店,食堂てづか,https://tabelog.com/tokyo/A1331/A133101/13270509/
伊豆諸島のお店,薄木荘,https://tabelog.com/tokyo/A1331/A133101/13135998/
伊豆諸島のお店,コーヒーハウス　マユカ,https://tabelog.com/tokyo/A1331/A133101/13143004/
伊豆諸島のお店,アイランド スター ハウス,https://tabelog.com/tokyo/A1331/A133101/13274024/
伊豆諸島のお店,島ぐらしカフェ ちぐはぐ,https://tabelog.com/tokyo/A1331/A133101/13272965/
伊豆諸島のお店,パン工房 潮彩,https://tabelog.com/tokyo/A1331/A133101/13272146/
伊豆諸島のお店,Hibiscus,https://tabelog.com/tokyo/A1331/A133101/13270717/
伊豆諸島のお店,千成荘,https://tabelog.com/tokyo/A1331/A133101/13252323/
伊豆諸島のお店,つばき寿司,https://tabelog.com/tokyo/A1331/A133101/13229632/
伊豆諸島のお店,民宿 いくみや,https://tabelog.com/tokyo/A1331/A133101/13273730/
伊豆諸島のお店,樹海荘,https://tabelog.com/tokyo/A1331/A133101/13272923/
伊豆諸島のお店,音屋,https://tabelog.com/tokyo/A1331/A133101/13113789/
伊豆諸島のお店,まるい,https://tabelog.com/tokyo/A1331/A133101/13270940/
伊豆諸島のお店,農家と漁師の宿･新平,https://tabelog.com/tokyo/A1331/A133101/13273803/
伊豆諸島のお店,バー サンク,https://tabelog.com/tokyo/A1331/A133101/13214626/
伊豆諸島のお店,ソウダイモ,https://tabelog.com/tokyo/A1331/A133101/13246085/
伊豆諸島のお店,喜六,https://tabelog.com/tokyo/A1331/A133101/13273786/
伊豆諸島のお店,中村屋,https://tabelog.com/tokyo/A1331/A133101/13273831/
伊豆諸島のお店,梅与,https://tabelog.com/tokyo/A1331/A133101/13273387/
伊豆諸島のお店,宵酔処 らいす,https://tabelog.com/tokyo/A1331/A133101/13230749/
伊豆諸島のお店,焼肉アリラン,https://tabelog.com/tokyo/A1331/A133101/13157438/
伊豆諸島のお店,吉山商店,https://tabelog.com/tokyo/A1331/A133101/13272644/
伊豆諸島のお店,とんぼ,https://tabelog.com/tokyo/A1331/A133101/13257061/
伊豆諸島のお店,割烹　いけ吉,https://tabelog.com/tokyo/A1331/A133101/13135750/
伊豆諸島のお店,げんべい,https://tabelog.com/tokyo/A1331/A133101/13161107/
伊豆諸島のお店,トリスタン,https://tabelog.com/tokyo/A1331/A133101/13164380/
伊豆諸島のお店,ビーチタイム,https://tabelog.com/tokyo/A1331/A133101/13147571/
伊豆諸島のお店,ゲストハウス 舟吉,https://tabelog.com/tokyo/A1331/A133101/13274051/
伊豆諸島のお店,大衆酒場　まっちゃん,https://tabelog.com/tokyo/A1331/A133101/13141908/
伊豆諸島のお店,OKUNO IE,https://tabelog.com/tokyo/A1331/A133101/13274127/
伊豆諸島のお店,ティー ルーム ロマン,https://tabelog.com/tokyo/A1331/A133101/13146480/
伊豆諸島のお店,Foods&Liquor ささき,https://tabelog.com/tokyo/A1331/A133101/13282969/
伊豆諸島のお店,広瀬家,https://tabelog.com/tokyo/A1331/A133101/13182031/
伊豆諸島のお店,焼肉　北野,https://tabelog.com/tokyo/A1331/A133101/13117557/
伊豆諸島のお店,いちかめ,https://tabelog.com/tokyo/A1331/A133101/13259800/
伊豆諸島のお店,五利左,https://tabelog.com/tokyo/A1331/A133101/13273725/
伊豆諸島のお店,民芸あき 空港売店,https://tabelog.com/tokyo/A1331/A133101/13202178/
伊豆諸島のお店,民宿 はまきよ,https://tabelog.com/tokyo/A1331/A133101/13273717/
伊豆諸島のお店,彦七,https://tabelog.com/tokyo/A1331/A133101/13155944/
伊豆諸島のお店,フジカフェ,https://tabelog.com/tokyo/A1331/A133101/13272940/
伊豆諸島のお店,マミーのごはん,https://tabelog.com/tokyo/A1331/A133101/13264956/
伊豆諸島のお店,キデー,https://tabelog.com/tokyo/A1331/A133101/13273373/
伊豆諸島のお店,ヤマシタ,https://tabelog.com/tokyo/A1331/A133101/13197724/
伊豆諸島のお店,NINZ COFFEE,https://tabelog.com/tokyo/A1331/A133101/13271661/
伊豆諸島のお店,弁当の勝エ門,https://tabelog.com/tokyo/A1331/A133101/13139629/
伊豆諸島のお店,一人,https://tabelog.com/tokyo/A1331/A133101/13270528/
伊豆諸島のお店,治ヱ門,https://tabelog.com/tokyo/A1331/A133101/13273775/
伊豆諸島のお店,まるみ商店,https://tabelog.com/tokyo/A1331/A133101/13270540/
伊豆諸島のお店,鈴豊,https://tabelog.com/tokyo/A1331/A133101/13271743/
伊豆諸島のお店,源次郎,https://tabelog.com/tokyo/A1331/A133101/13271842/
伊豆諸島のお店,arato,https://tabelog.com/tokyo/A1331/A133101/13252310/
伊豆諸島のお店,マルマン,https://tabelog.com/tokyo/A1331/A133101/13272643/
伊豆諸島のお店,さわや コルドンブルー,https://tabelog.com/tokyo/A1331/A133101/13223746/
伊豆諸島のお店,ちぃBar,https://tabelog.com/tokyo/A1331/A133101/13271589/
伊豆諸島のお店,山下旅館 別館,https://tabelog.com/tokyo/A1331/A133101/13172761/
伊豆諸島のお店,新栄楼,https://tabelog.com/tokyo/A1331/A133101/13061052/
伊豆諸島のお店,Surf Station HABUSHI,https://tabelog.com/tokyo/A1331/A133101/13273420/
伊豆諸島のお店,南国,https://tabelog.com/tokyo/A1331/A133101/13157437/
伊豆諸島のお店,朝日丸,https://tabelog.com/tokyo/A1331/A133101/13273731/
伊豆諸島のお店,平和荘,https://tabelog.com/tokyo/A1331/A133101/13273727/
伊豆諸島のお店,うめとう丸,https://tabelog.com/tokyo/A1331/A133101/13143011/
伊豆諸島のお店,潮風,https://tabelog.com/tokyo/A1331/A133101/13271843/
伊豆諸島のお店,旅荘 富士や,https://tabelog.com/tokyo/A1331/A133101/13274052/
伊豆諸島のお店,フルーツファクトリー大屋,https://tabelog.com/tokyo/A1331/A133101/13204722/
伊豆諸島のお店,DRACO,https://tabelog.com/tokyo/A1331/A133101/13278738/
伊豆諸島のお店,マルダイ水産,https://tabelog.com/tokyo/A1331/A133101/13250576/
伊豆諸島のお店,ふるさと味覚館 宙,https://tabelog.com/tokyo/A1331/A133101/13223799/
伊豆諸島のお店,すなっく 愛らんど,https://tabelog.com/tokyo/A1331/A133101/13272802/
伊豆諸島のお店,朝日荘,https://tabelog.com/tokyo/A1331/A133101/13273543/
伊豆諸島のお店,フェニックス　食工房やまんばハウス,https://tabelog.com/tokyo/A1331/A133101/13141899/
伊豆諸島のお店,ベーカリー ペルル,https://tabelog.com/tokyo/A1331/A133101/13130384/
伊豆諸島のお店,スナック 寿里,https://tabelog.com/tokyo/A1331/A133101/13272825/
伊豆諸島のお店,大栄,https://tabelog.com/tokyo/A1331/A133101/13142990/
伊豆諸島のお店,築100年の古民家宿 はぶの家,https://tabelog.com/tokyo/A1331/A133101/13274066/
伊豆諸島のお店,居酒屋　おおわき,https://tabelog.com/tokyo/A1331/A133101/13141911/
伊豆諸島のお店,港町食堂,https://tabelog.com/tokyo/A1331/A133101/13171683/
伊豆諸島のお店,山見荘,https://tabelog.com/tokyo/A1331/A133101/13272051/
伊豆諸島のお店,イエローダイブ&コムギテラス,https://tabelog.com/tokyo/A1331/A133101/13274004/
伊豆諸島のお店,サンマリーナ,https://tabelog.com/tokyo/A1331/A133101/13252318/
伊豆諸島のお店,正大ストア,https://tabelog.com/tokyo/A1331/A133101/13265003/
伊豆諸島のお店,ペンション大吉丸,https://tabelog.com/tokyo/A1331/A133101/13186351/
伊豆諸島のお店,スナック 一二三,https://tabelog.com/tokyo/A1331/A133101/13272686/
伊豆諸島のお店,(有)タイガー,https://tabelog.com/tokyo/A1331/A133101/13237350/
伊豆諸島のお店,居酒屋 イチバン,https://tabelog.com/tokyo/A1331/A133101/13143120/
伊豆諸島のお店,新島ブルーベリーハウス,https://tabelog.com/tokyo/A1331/A133101/13273429/
伊豆諸島のお店,新八,https://tabelog.com/tokyo/A1331/A133101/13273776/
伊豆諸島のお店,ラ・メール シキネ,https://tabelog.com/tokyo/A1331/A133101/13242544/
伊豆諸島のお店,町カフェ,https://tabelog.com/tokyo/A1331/A133101/13191359/
伊豆諸島のお店,北川商店,https://tabelog.com/tokyo/A1331/A133101/13197721/
伊豆諸島のお店,ペンションサントモ,https://tabelog.com/tokyo/A1331/A133101/13130715/
伊豆諸島のお店,民宿 長谷川,https://tabelog.com/tokyo/A1331/A133101/13273788/
伊豆諸島のお店,レストラン椿,https://tabelog.com/tokyo/A1331/A133101/13043856/
伊豆諸島のお店,シャロン洋菓子店,https://tabelog.com/tokyo/A1331/A133101/13232432/
伊豆諸島のお店,遊縁,https://tabelog.com/tokyo/A1331/A133101/13116162/
伊豆諸島のお店,炭火焼 六輪 伊豆大島店,https://tabelog.com/tokyo/A1331/A133101/13276371/
伊豆諸島のお店,コーヒーラウンジ,https://tabelog.com/tokyo/A1331/A133101/13168716/
伊豆諸島のお店,にしかわ,https://tabelog.com/tokyo/A1331/A133101/13271107/
伊豆諸島のお店,湯の宿くるみや,https://tabelog.com/tokyo/A1331/A133101/13151940/
伊豆諸島のお店,ダーツバー リーゼント,https://tabelog.com/tokyo/A1331/A133101/13272739/
伊豆諸島のお店,SEA SIDE KITCHEN WA,https://tabelog.com/tokyo/A1331/A133101/13276022/
伊豆諸島のお店,大沼,https://tabelog.com/tokyo/A1331/A133101/13271844/
伊豆諸島のお店,多幸湾売店,https://tabelog.com/tokyo/A1331/A133101/13272148/
伊豆諸島のお店,夕浜亭,https://tabelog.com/tokyo/A1331/A133101/13143012/
伊豆諸島のお店,水久,https://tabelog.com/tokyo/A1331/A133101/13271840/
伊豆諸島のお店,丸伸食品,https://tabelog.com/tokyo/A1331/A133101/13280796/
伊豆諸島のお店,スペイキャスト,https://tabelog.com/tokyo/A1331/A133101/13259363/
伊豆諸島のお店,島民宿 姉妹,https://tabelog.com/tokyo/A1331/A133101/13274164/
伊豆諸島のお店,十五夜,https://tabelog.com/tokyo/A1331/A133101/13272843/
伊豆諸島のお店,神津島 龍宮,https://tabelog.com/tokyo/A1331/A133101/13261525/
伊豆諸島のお店,クラブあじさい,https://tabelog.com/tokyo/A1331/A133101/13273554/
伊豆諸島のお店,民宿かいぐん,https://tabelog.com/tokyo/A1331/A133101/13271788/
伊豆諸島のお店,Hav Cafe,https://tabelog.com/tokyo/A1331/A133101/13259607/
伊豆諸島のお店,藤井,https://tabelog.com/tokyo/A1331/A133101/13272171/
伊豆諸島のお店,永楽屋,https://tabelog.com/tokyo/A1331/A133101/13061054/
伊豆諸島のお店,富八,https://tabelog.com/tokyo/A1331/A133101/13273380/
伊豆諸島のお店,民宿 白い砂,https://tabelog.com/tokyo/A1331/A133101/13273385/
伊豆諸島のお店,きらく,https://tabelog.com/tokyo/A1331/A133101/13272939/
伊豆諸島のお店,そこど荘,https://tabelog.com/tokyo/A1331/A133101/13272292/
伊豆諸島のお店,稲本食堂,https://tabelog.com/tokyo/A1331/A133101/13173012/
伊豆諸島のお店,鈴屋,https://tabelog.com/tokyo/A1331/A133101/13273787/
伊豆諸島のお店,千代,https://tabelog.com/tokyo/A1331/A133101/13273827/
伊豆諸島のお店,民宿 鳴海,https://tabelog.com/tokyo/A1331/A133101/13274002/
伊豆諸島のお店,ペンションみなもと,https://tabelog.com/tokyo/A1331/A133101/13253445/
伊豆諸島のお店,宿 あさの,https://tabelog.com/tokyo/A1331/A133101/13274022/
伊豆諸島のお店,漁師の宿 丈栄丸,https://tabelog.com/tokyo/A1331/A133101/13273737/
伊豆諸島のお店,BandB,https://tabelog.com/tokyo/A1331/A133101/13272710/
伊豆諸島のお店,Pamon,https://tabelog.com/tokyo/A1331/A133101/13272685/
伊豆諸島のお店,ダイブハウス･タック,https://tabelog.com/tokyo/A1331/A133101/13274123/
伊豆諸島のお店,スナック 宗富庵,https://tabelog.com/tokyo/A1331/A133101/13272210/
伊豆諸島のお店,民宿 橘荘,https://tabelog.com/tokyo/A1331/A133101/13274117/
伊豆諸島のお店,日本橋,https://tabelog.com/tokyo/A1331/A133101/13061038/
伊豆諸島のお店,民宿 なぎ,https://tabelog.com/tokyo/A1331/A133101/13274027/
伊豆諸島のお店,ますや,https://tabelog.com/tokyo/A1331/A133101/13216946/
伊豆諸島のお店,青沼商店,https://tabelog.com/tokyo/A1331/A133101/13142991/
伊豆諸島のお店,大島椿製油所,https://tabelog.com/tokyo/A1331/A133101/13233601/
伊豆諸島のお店,GUEST HOUSE sasaosou,https://tabelog.com/tokyo/A1331/A133101/13273544/
伊豆諸島のお店,里芋とがらぱごす,https://tabelog.com/tokyo/A1331/A133101/13157445/
伊豆諸島のお店,ティーハウス ノン･ノ,https://tabelog.com/tokyo/A1331/A133101/13272206/
伊豆諸島のお店,沖山商店,https://tabelog.com/tokyo/A1331/A133101/13284362/
伊豆諸島のお店,八幡荘,https://tabelog.com/tokyo/A1331/A133101/13220999/
伊豆諸島のお店,みよし土産品店,https://tabelog.com/tokyo/A1331/A133101/13158186/
伊豆諸島のお店,富士久,https://tabelog.com/tokyo/A1331/A133101/13252319/
伊豆諸島のお店,焼鳥大三,https://tabelog.com/tokyo/A1331/A133101/13091957/
伊豆諸島のお店,樹璃庵,https://tabelog.com/tokyo/A1331/A133101/13188081/
伊豆諸島のお店,パブクロンボ,https://tabelog.com/tokyo/A1331/A133101/13143005/
伊豆諸島のお店,がんばるじゃん,https://tabelog.com/tokyo/A1331/A133101/13273445/
伊豆諸島のお店,駅,https://tabelog.com/tokyo/A1331/A133101/13039247/
伊豆諸島のお店,大使館倶楽部,https://tabelog.com/tokyo/A1331/A133101/13272630/
伊豆諸島のお店,寿司 波平,https://tabelog.com/tokyo/A1331/A133101/13261705/
伊豆諸島のお店,浜庄,https://tabelog.com/tokyo/A1331/A133101/13273417/
伊豆諸島のお店,まんぼう,https://tabelog.com/tokyo/A1331/A133101/13271657/
伊豆諸島のお店,魚肴 なぎさ,https://tabelog.com/tokyo/A1331/A133101/13271392/
伊豆諸島のお店,民宿 椿荘,https://tabelog.com/tokyo/A1331/A133101/13274158/
伊豆諸島のお店,じゃがいも,https://tabelog.com/tokyo/A1331/A133101/13237598/
伊豆諸島のお店,カフェ＆バー ファミリア,https://tabelog.com/tokyo/A1331/A133101/13212056/
伊豆諸島のお店,Moyais kitcen,https://tabelog.com/tokyo/A1331/A133101/13198541/
伊豆諸島のお店,吉栄丸,https://tabelog.com/tokyo/A1331/A133101/13185590/
伊豆諸島のお店,民宿 広丸,https://tabelog.com/tokyo/A1331/A133101/13273933/
伊豆諸島のお店,かいゆう丸,https://tabelog.com/tokyo/A1331/A133101/13270648/
伊豆諸島のお店,菊水旅館,https://tabelog.com/tokyo/A1331/A133101/13271742/
伊豆諸島のお店,男メシ食堂,https://tabelog.com/tokyo/A1331/A133101/13249772/
伊豆諸島のお店,Kyo,https://tabelog.com/tokyo/A1331/A133101/13131073/
伊豆諸島のお店,野田浜園,https://tabelog.com/tokyo/A1331/A133101/13274021/
伊豆諸島のお店,リードパークリゾート八丈島 売店,https://tabelog.com/tokyo/A1331/A133101/13216714/
伊豆諸島のお店,御宿為朝,https://tabelog.com/tokyo/A1331/A133101/13183490/
伊豆諸島のお店,シェルトーン・カフェ,https://tabelog.com/tokyo/A1331/A133101/13146753/
伊豆諸島のお店,観光喫茶もももも,https://tabelog.com/tokyo/A1331/A133101/13255710/
伊豆諸島のお店,ガーデン荘,https://tabelog.com/tokyo/A1331/A133101/13252316/
伊豆諸島のお店,鈴久,https://tabelog.com/tokyo/A1331/A133101/13273720/
伊豆諸島のお店,利島館,https://tabelog.com/tokyo/A1331/A133101/13233295/
小笠原諸島のお店、レストラン,島寿司,https://tabelog.com/tokyo/A1331/A133102/13050355/
小笠原諸島のお店、レストラン,チャーリーブラウン,https://tabelog.com/tokyo/A1331/A133102/13121447/
小笠原諸島のお店、レストラン,HALE,https://tabelog.com/tokyo/A1331/A133102/13165286/
小笠原諸島のお店、レストラン,かがや亭,https://tabelog.com/tokyo/A1331/A133102/13095355/
小笠原諸島のお店、レストラン,海遊,https://tabelog.com/tokyo/A1331/A133102/13095479/
小笠原諸島のお店、レストラン,ボニーナ,https://tabelog.com/tokyo/A1331/A133102/13129314/
小笠原諸島のお店、レストラン,トマトン,https://tabelog.com/tokyo/A1331/A133102/13129362/
小笠原諸島のお店、レストラン,波食波食,https://tabelog.com/tokyo/A1331/A133102/13050359/
小笠原諸島のお店、レストラン,あめのひ食堂,https://tabelog.com/tokyo/A1331/A133102/13225156/
小笠原諸島のお店、レストラン,茶里亭,https://tabelog.com/tokyo/A1331/A133102/13050364/
小笠原諸島のお店、レストラン,オーベルジュ・サトウ,https://tabelog.com/tokyo/A1331/A133102/13147782/
小笠原諸島のお店、レストラン,大漁寿司,https://tabelog.com/tokyo/A1331/A133102/13050365/
小笠原諸島のお店、レストラン,小笠原生協,https://tabelog.com/tokyo/A1331/A133102/13177377/
小笠原諸島のお店、レストラン,ハートロックカフェ,https://tabelog.com/tokyo/A1331/A133102/13092122/
小笠原諸島のお店、レストラン,丸丈,https://tabelog.com/tokyo/A1331/A133102/13095353/
小笠原諸島のお店、レストラン,アウストロ,https://tabelog.com/tokyo/A1331/A133102/13094603/
小笠原諸島のお店、レストラン,南国酒場 こも,https://tabelog.com/tokyo/A1331/A133102/13129338/
小笠原諸島のお店、レストラン,洋風居酒屋CHARA,https://tabelog.com/tokyo/A1331/A133102/13211596/
小笠原諸島のお店、レストラン,ローカルベーカリー,https://tabelog.com/tokyo/A1331/A133102/13121532/
小笠原諸島のお店、レストラン,バー クレヨン,https://tabelog.com/tokyo/A1331/A133102/13129341/
小笠原諸島のお店,ふくちゃん,https://tabelog.com/tokyo/A1331/A133102/13095477/
小笠原諸島のお店,ル シエル,https://tabelog.com/tokyo/A1331/A133102/13238258/
小笠原諸島のお店,ノスリ工房,https://tabelog.com/tokyo/A1331/A133102/13245668/
小笠原諸島のお店,マーメイドカフェ,https://tabelog.com/tokyo/A1331/A133102/13272376/
小笠原諸島のお店,のあ,https://tabelog.com/tokyo/A1331/A133102/13272443/
小笠原諸島のお店,じんべぇ庵,https://tabelog.com/tokyo/A1331/A133102/13129735/
小笠原諸島のお店,曼荼羅COFFEE,https://tabelog.com/tokyo/A1331/A133102/13272233/
小笠原諸島のお店,ベントウ屋ヒトシ,https://tabelog.com/tokyo/A1331/A133102/13228230/
小笠原諸島のお店,民宿 つき,https://tabelog.com/tokyo/A1331/A133102/13269980/
小笠原諸島のお店,ヤンキータウン,https://tabelog.com/tokyo/A1331/A133102/13095357/
小笠原諸島のお店,アイランドリゾート母島 ナンプー,https://tabelog.com/tokyo/A1331/A133102/13272155/
小笠原諸島のお店,ドルフィン 別館,https://tabelog.com/tokyo/A1331/A133102/13272183/
小笠原諸島のお店,パパスアイランドリゾート,https://tabelog.com/tokyo/A1331/A133102/13235540/
小笠原諸島のお店,ロッキンチキン,https://tabelog.com/tokyo/A1331/A133102/13232522/
小笠原諸島のお店,クレセント,https://tabelog.com/tokyo/A1331/A133102/13272444/
小笠原諸島のお店,ペンション ジガー,https://tabelog.com/tokyo/A1331/A133102/13272386/
小笠原諸島のお店,ホライズンドリーム,https://tabelog.com/tokyo/A1331/A133102/13272470/
小笠原諸島のお店,PAPA'S BREWING COMPANY,https://tabelog.com/tokyo/A1331/A133102/13272551/
小笠原諸島のお店,民宿 かなめ,https://tabelog.com/tokyo/A1331/A133102/13272399/
小笠原諸島のお店,MERIENDA,https://tabelog.com/tokyo/A1331/A133102/13272699/
小笠原諸島のお店,ホテル・ホライズン 小笠原,https://tabelog.com/tokyo/A1331/A133102/13177397/
小笠原諸島のお店,アイランド・デリ,https://tabelog.com/tokyo/A1331/A133102/13129358/
小笠原諸島のお店,小笠原の塩,https://tabelog.com/tokyo/A1331/A133102/13272494/
小笠原諸島のお店,やすおん家,https://tabelog.com/tokyo/A1331/A133102/13254482/
小笠原諸島のお店,サンシャイン小笠原,https://tabelog.com/tokyo/A1331/A133102/13272481/
小笠原諸島のお店,BUONOホライズン,https://tabelog.com/tokyo/A1331/A133102/13050357/
小笠原諸島のお店,ハート ロック ヴィレッジ,https://tabelog.com/tokyo/A1331/A133102/13272472/
小笠原諸島のお店,Konamonoya リュウ天,https://tabelog.com/tokyo/A1331/A133102/13272378/
小笠原諸島のお店,小笠原ユースホステル,https://tabelog.com/tokyo/A1331/A133102/13153503/
小笠原諸島のお店,プルメリアヴィレッジ,https://tabelog.com/tokyo/A1331/A133102/13272562/
小笠原諸島のお店,ダイブリゾート母島,https://tabelog.com/tokyo/A1331/A133102/13273043/
小笠原諸島のお店,30's,https://tabelog.com/tokyo/A1331/A133102/13272370/
小笠原諸島のお店,東京島しょ農業協同組合 JA小笠原島母島支店,https://tabelog.com/tokyo/A1331/A133102/13230067/
小笠原諸島のお店,シェアハウス 海,https://tabelog.com/tokyo/A1331/A133102/13272407/
小笠原諸島のお店,ロックウェルズ,https://tabelog.com/tokyo/A1331/A133102/13272425/
小笠原諸島のお店,ラドフォード,https://tabelog.com/tokyo/A1331/A133102/13134903/
小笠原諸島のお店,ペンションドルフィン,https://tabelog.com/tokyo/A1331/A133102/13272177/
小笠原諸島のお店,ユーエスケー コーヒー,https://tabelog.com/tokyo/A1331/A133102/13225116/
小笠原諸島のお店,ペンション りゅう,https://tabelog.com/tokyo/A1331/A133102/13272173/
小笠原諸島のお店,チャラ日和,https://tabelog.com/tokyo/A1331/A133102/13272372/
小笠原諸島のお店,しまてらす,https://tabelog.com/tokyo/A1331/A133102/13281019/
小笠原諸島のお店,民宿 メグロ,https://tabelog.com/tokyo/A1331/A133102/13272178/
小笠原諸島のお店,グレース 島のお茶やさん,https://tabelog.com/tokyo/A1331/A133102/13250914/
小笠原諸島のお店,INNこうもり亭,https://tabelog.com/tokyo/A1331/A133102/13272432/
小笠原諸島のお店,シートピア,https://tabelog.com/tokyo/A1331/A133102/13272468/
小笠原諸島のお店,民宿南国荘 おやつのにわ,https://tabelog.com/tokyo/A1331/A133102/13225118/
小笠原諸島のお店,父島ペンション,https://tabelog.com/tokyo/A1331/A133102/13272581/
小笠原諸島のお店,野瀬農園,https://tabelog.com/tokyo/A1331/A133102/13202855/
小笠原諸島のお店,海渡,https://tabelog.com/tokyo/A1331/A133102/13272435/
小笠原諸島のお店,すし純,https://tabelog.com/tokyo/A1331/A133102/13272255/
小笠原諸島のお店,境浦ファミリー,https://tabelog.com/tokyo/A1331/A133102/13177376/
小笠原諸島のお店,Sea glass,https://tabelog.com/tokyo/A1331/A133102/13272395/
小笠原諸島のお店,小笠原母島観光協会,https://tabelog.com/tokyo/A1331/A133102/13274913/
小笠原諸島のお店,グリーンペペ,https://tabelog.com/tokyo/A1331/A133102/13129319/
小笠原諸島のお店,佐藤商店,https://tabelog.com/tokyo/A1331/A133102/13177375/
小笠原諸島のお店,スーパー小祝,https://tabelog.com/tokyo/A1331/A133102/13230042/
小笠原諸島のお店,FISH EYE,https://tabelog.com/tokyo/A1331/A133102/13272445/
小笠原諸島のお店,Farm Stand Cafe,https://tabelog.com/tokyo/A1331/A133102/13284229/
小笠原諸島のお店,まるひ,https://tabelog.com/tokyo/A1331/A133102/13230141/
小笠原諸島のお店,トキちゃん,https://tabelog.com/tokyo/A1331/A133102/13271460/
小笠原諸島のお店,うわべ家,https://tabelog.com/tokyo/A1331/A133102/13250764/
小笠原諸島のお店,風土の家 TETSUYA,https://tabelog.com/tokyo/A1331/A133102/13283251/
小笠原諸島のお店,居酒屋まんた,https://tabelog.com/tokyo/A1331/A133102/13225548/
小笠原諸島のお店,ペンション 扇浦,https://tabelog.com/tokyo/A1331/A133102/13272434/
小笠原諸島のお店,アイランダーハウス,https://tabelog.com/tokyo/A1331/A133102/13272544/
小笠原諸島のお店,五六助,https://tabelog.com/tokyo/A1331/A133102/13272556/
小笠原諸島のお店,羽衣,https://tabelog.com/tokyo/A1331/A133102/13050362/
小笠原諸島のお店,前田商店,https://tabelog.com/tokyo/A1331/A133102/13230075/
小笠原諸島のお店,くつろぎの宿 てつ家,https://tabelog.com/tokyo/A1331/A133102/13184274/
小笠原諸島のお店,ウエストアネックス,https://tabelog.com/tokyo/A1331/A133102/13272577/
小笠原諸島のお店,母島水産物販売センター,https://tabelog.com/tokyo/A1331/A133102/13272194/
小笠原諸島のお店,ウエスト,https://tabelog.com/tokyo/A1331/A133102/13252315/
小笠原諸島のお店,米ふく,https://tabelog.com/tokyo/A1331/A133102/13267169/
小笠原諸島のお店,キャベツビーチ,https://tabelog.com/tokyo/A1331/A133102/13158106/
小笠原諸島のお店,パンとケーキの店 たまな,https://tabelog.com/tokyo/A1331/A133102/13165288/
小笠原諸島のお店,ブーゲン,https://tabelog.com/tokyo/A1331/A133102/13129317/
小笠原諸島のお店,アンナビーチ母島ユースホステル,https://tabelog.com/tokyo/A1331/A133102/13272172/
小笠原諸島のお店,BOOTERS,https://tabelog.com/tokyo/A1331/A133102/13269977/
小笠原諸島のお店,ヴィラシーサイド,https://tabelog.com/tokyo/A1331/A133102/13162325/
小笠原諸島のお店,宿ふく,https://tabelog.com/tokyo/A1331/A133102/13272459/
小笠原諸島のお店,民宿 たつみ,https://tabelog.com/tokyo/A1331/A133102/13274144/
小笠原諸島のお店,88 cafe,https://tabelog.com/tokyo/A1331/A133102/13269978/
小笠原諸島のお店,シャンティ バンガロー,https://tabelog.com/tokyo/A1331/A133102/13272393/
小笠原諸島のお店,エコビレッジ ぷーらん,https://tabelog.com/tokyo/A1331/A133102/13272390/
小笠原諸島のお店,JA農産物観光直売所,https://tabelog.com/tokyo/A1331/A133102/13238269/
小笠原諸島のお店,美空荘,https://tabelog.com/tokyo/A1331/A133102/13272486/
小笠原諸島のお店,Restaurant Pat Inn,https://tabelog.com/tokyo/A1331/A133102/13272441/
小笠原諸島のお店,民宿 ささもと,https://tabelog.com/tokyo/A1331/A133102/13272580/
小笠原諸島のお店,クラフト イン ラメーフ,https://tabelog.com/tokyo/A1331/A133102/13131218/
小笠原諸島のお店,きまぐれカフェ,https://tabelog.com/tokyo/A1331/A133102/13252299/
小笠原諸島のお店,漁協売店,https://tabelog.com/tokyo/A1331/A133102/13274897/
小笠原諸島のお店,バンブーイン,https://tabelog.com/tokyo/A1331/A133102/13272545/
小笠原諸島のお店,なぎ屋,https://tabelog.com/tokyo/A1331/A133102/13272487/
小笠原諸島のお店,島っ娘,https://tabelog.com/tokyo/A1331/A133102/13269979/
小笠原諸島のお店,父島南風,https://tabelog.com/tokyo/A1331/A133102/13272397/
小笠原諸島のお店,亜南凪,https://tabelog.com/tokyo/A1331/A133102/13267173/
小笠原諸島のお店,ターンハウス 美津,https://tabelog.com/tokyo/A1331/A133102/13272442/
小笠原諸島のお店,お食事処 めぐろ,https://tabelog.com/tokyo/A1331/A133102/13245445/
